altruistic_probability,selfish_probability,cost_of_altruism,benefit_from_altruism,disease,harshness,ticks_mean,ticks_std,altruists_mean,altruists_std,selfish_mean,selfish_std,void_mean,void_std,max_pink_mean,max_pink_std,max_green_mean,max_green_std,max_black_mean,max_black_std
0.26,0.26,0.0,0.0,0.0,0.0,4544.4,4135.3,784.8,843.8,896.2,843.8,0.0,0.0,1308.3,378.3,1387.3,382.8,41.7,4.8
0.26,0.26,0.0,0.0,0.0,0.25,7615.6,4129.3,879.9,852.6,801.1,852.6,0.0,0.0,1520.6,204.2,1488.1,243.7,402.0,22.5
0.26,0.26,0.0,0.0,0.0,0.5,4878.0,3165.6,672.4,868.1,1008.6,868.1,0.0,0.0,1378.3,354.9,1497.4,291.2,585.6,28.5
0.26,0.26,0.0,0.0,0.0,0.75,5792.4,4895.9,1008.6,868.1,672.4,868.1,0.0,0.0,1547.3,190.3,1355.0,385.9,710.6,25.5
0.26,0.26,0.0,0.0,0.0,1.0,2878.9,4322.6,194.6,507.6,636.0,548.8,850.4,557.0,768.0,334.7,983.9,427.5,1184.1,260.8
0.26,0.26,0.0,0.0,0.25,0.0,3467.5,1638.2,960.1,826.3,637.4,822.9,83.5,9.5,1416.8,280.6,1220.4,351.3,203.8,14.6
0.26,0.26,0.0,0.0,0.25,0.25,5107.0,4651.5,686.7,777.0,872.2,772.7,122.1,10.8,1249.5,327.4,1312.8,310.2,483.9,19.9
0.26,0.26,0.0,0.0,0.25,0.5,2909.3,1535.1,1044.1,720.6,444.6,715.9,192.3,14.0,1337.4,291.7,1197.1,307.0,645.6,20.9
0.26,0.26,0.0,0.0,0.25,0.75,3614.5,2054.0,494.5,638.6,742.5,639.4,444.0,28.2,982.9,277.2,1149.0,251.1,779.2,23.6
0.26,0.26,0.0,0.0,0.25,1.0,78.1,13.0,5.8,10.0,8.6,10.1,1666.6,9.5,413.5,17.0,419.9,29.0,1667.7,8.9
0.26,0.26,0.0,0.0,0.5,0.0,3182.4,1949.0,910.0,783.2,600.8,775.7,170.2,12.0,1329.4,260.2,1252.9,278.8,346.2,24.4
0.26,0.26,0.0,0.0,0.5,0.25,3845.4,2974.5,711.8,750.3,720.3,759.3,248.9,14.1,1260.4,287.3,1195.3,317.8,573.4,18.8
0.26,0.26,0.0,0.0,0.5,0.5,4501.8,2238.7,511.2,660.0,763.9,657.8,405.9,22.9,1131.2,206.7,1147.2,253.3,701.6,18.7
0.26,0.26,0.0,0.0,0.5,0.75,3449.4,2640.0,402.4,348.7,273.7,354.8,1004.9,52.2,688.1,153.8,666.8,122.5,1145.5,49.8
0.26,0.26,0.0,0.0,0.5,1.0,54.1,9.3,0.4,1.0,3.7,4.8,1676.9,4.6,406.1,25.9,394.9,31.7,1677.0,4.5
0.26,0.26,0.0,0.0,0.75,0.0,3604.0,1458.3,707.2,745.5,709.3,747.7,264.5,10.5,1211.9,302.7,1138.6,323.7,429.8,22.4
0.26,0.26,0.0,0.0,0.75,0.25,3049.2,1561.3,519.1,670.2,776.7,668.7,385.2,17.6,999.3,311.6,1190.0,213.5,634.4,19.5
0.26,0.26,0.0,0.0,0.75,0.5,3379.6,2571.9,538.8,568.5,527.5,556.2,614.7,30.7,876.8,258.1,981.9,168.3,765.3,29.3
0.26,0.26,0.0,0.0,0.75,0.75,295.7,150.7,25.5,31.9,12.2,18.9,1643.3,26.1,412.6,27.4,422.1,18.5,1652.7,17.5
0.26,0.26,0.0,0.0,0.75,1.0,31.2,3.4,1.6,2.1,4.0,7.6,1675.4,6.9,382.8,22.8,379.1,19.0,1675.4,6.9
0.26,0.26,0.0,0.0,1.0,0.0,3370.3,1590.3,792.8,682.5,532.8,687.9,355.4,17.2,1195.5,249.3,1092.0,298.3,534.8,24.7
0.26,0.26,0.0,0.0,1.0,0.25,3557.8,2998.3,340.0,547.7,817.4,564.2,523.6,26.8,878.6,261.9,1120.4,195.3,699.5,32.1
0.26,0.26,0.0,0.0,1.0,0.5,2704.9,2215.3,660.5,349.4,158.0,333.1,862.5,33.3,787.1,154.3,661.2,186.3,984.4,23.2
0.26,0.26,0.0,0.0,1.0,0.75,71.2,18.6,8.4,12.7,10.2,15.9,1662.4,14.9,398.9,16.7,405.2,18.4,1664.1,12.9
0.26,0.26,0.0,0.0,1.0,1.0,27.5,3.6,0.9,2.2,2.8,4.4,1677.3,4.3,367.3,14.7,378.6,13.8,1677.3,4.3
0.26,0.26,0.0,0.25,0.0,0.0,188.1,25.5,1681.0,0.0,0.0,0.0,0.0,0.0,1681.0,0.0,846.8,53.7,40.8,8.3
0.26,0.26,0.0,0.25,0.0,0.25,233.4,55.8,1681.0,0.0,0.0,0.0,0.0,0.0,1681.0,0.0,828.1,48.4,362.4,15.7
0.26,0.26,0.0,0.25,0.0,0.5,230.6,62.2,1681.0,0.0,0.0,0.0,0.0,0.0,1681.0,0.0,778.0,62.3,558.0,23.7
0.26,0.26,0.0,0.25,0.0,0.75,226.4,43.4,1681.0,0.0,0.0,0.0,0.0,0.0,1681.0,0.0,690.3,46.5,697.4,30.8
0.26,0.26,0.0,0.25,0.0,1.0,203.1,31.2,1681.0,0.0,0.0,0.0,0.0,0.0,1681.0,0.0,476.7,27.2,778.4,24.6
0.26,0.26,0.0,0.25,0.25,0.0,214.2,49.5,1615.1,6.9,0.0,0.0,65.9,6.9,1623.7,3.4,787.7,32.7,203.7,13.4
0.26,0.26,0.0,0.25,0.25,0.25,191.7,25.8,1589.9,9.3,0.0,0.0,91.1,9.3,1602.8,6.7,727.9,48.9,468.1,28.7
0.26,0.26,0.0,0.25,0.25,0.5,213.0,49.4,1548.8,7.4,0.0,0.0,132.2,7.4,1563.4,7.6,693.0,44.4,636.3,15.7
0.26,0.26,0.0,0.25,0.25,0.75,201.3,50.6,1452.3,21.1,0.0,0.0,228.7,21.1,1486.8,16.1,544.1,39.9,743.8,26.5
0.26,0.26,0.0,0.25,0.25,1.0,103.1,22.5,482.4,96.2,0.0,0.0,1198.6,96.2,566.4,72.1,428.8,15.3,1247.8,92.4
0.26,0.26,0.0,0.25,0.5,0.0,237.8,78.1,1544.8,14.5,0.0,0.0,136.2,14.5,1558.2,4.6,753.6,29.0,328.1,13.5
0.26,0.26,0.0,0.25,0.5,0.25,215.6,52.6,1500.9,12.5,0.0,0.0,180.1,12.5,1513.1,7.5,705.9,43.4,538.3,24.4
0.26,0.26,0.0,0.25,0.5,0.5,201.0,53.3,1407.1,8.6,0.0,0.0,273.9,8.6,1424.8,10.3,600.5,42.9,676.9,35.2
0.26,0.26,0.0,0.25,0.5,0.75,153.9,23.1,1171.2,22.5,0.0,0.0,509.8,22.5,1217.3,15.1,462.5,27.0,801.1,26.6
0.26,0.26,0.0,0.25,0.5,1.0,60.5,19.1,52.4,34.5,0.0,0.0,1628.6,34.5,420.1,31.0,410.3,17.1,1633.7,32.9
0.26,0.26,0.0,0.25,0.75,0.0,218.7,65.3,1469.8,13.2,0.0,0.0,211.2,13.2,1491.4,5.8,703.8,48.8,428.7,21.4
0.26,0.26,0.0,0.25,0.75,0.25,203.2,36.3,1391.6,14.5,0.0,0.0,289.4,14.5,1416.2,7.8,621.5,51.6,616.0,32.7
0.26,0.26,0.0,0.25,0.75,0.5,210.1,49.8,1251.0,23.2,0.0,0.0,430.0,23.2,1285.4,12.9,502.6,23.0,742.4,22.5
0.26,0.26,0.0,0.25,0.75,0.75,173.4,51.7,741.3,29.9,0.0,0.0,939.7,29.9,820.4,46.6,429.2,19.7,1098.8,41.7
0.26,0.26,0.0,0.25,0.75,1.0,43.8,9.6,18.1,14.2,0.2,0.6,1662.7,13.9,396.2,22.4,386.1,25.1,1663.5,13.6
0.26,0.26,0.0,0.25,1.0,0.0,216.1,46.4,1386.3,14.4,0.0,0.0,294.7,14.4,1408.4,10.5,648.9,21.8,498.8,13.9
0.26,0.26,0.0,0.25,1.0,0.25,214.8,52.0,1293.3,12.9,0.0,0.0,387.7,12.9,1316.7,8.3,560.8,59.5,669.6,15.7
0.26,0.26,0.0,0.25,1.0,0.5,185.5,50.9,1073.0,20.2,0.0,0.0,608.0,20.2,1106.1,20.4,449.8,23.8,788.0,23.5
0.26,0.26,0.0,0.25,1.0,0.75,81.9,25.2,247.0,64.2,0.0,0.0,1434.0,64.2,424.6,16.2,389.9,25.5,1470.2,63.7
0.26,0.26,0.0,0.25,1.0,1.0,28.8,3.1,11.6,10.6,0.4,0.8,1669.0,10.2,382.3,15.6,371.1,13.8,1669.2,10.1
0.26,0.26,0.0,0.5,0.0,0.0,139.1,25.5,1681.0,0.0,0.0,0.0,0.0,0.0,1681.0,0.0,807.4,26.8,41.4,9.4
0.26,0.26,0.0,0.5,0.0,0.25,134.8,18.5,1681.0,0.0,0.0,0.0,0.0,0.0,1681.0,0.0,761.1,31.8,362.3,35.3
0.26,0.26,0.0,0.5,0.0,0.5,132.2,18.9,1681.0,0.0,0.0,0.0,0.0,0.0,1681.0,0.0,722.2,31.5,546.4,16.8
0.26,0.26,0.0,0.5,0.0,0.75,127.1,17.1,1681.0,0.0,0.0,0.0,0.0,0.0,1681.0,0.0,644.7,63.1,659.3,31.4
0.26,0.26,0.0,0.5,0.0,1.0,142.7,22.9,1681.0,0.0,0.0,0.0,0.0,0.0,1681.0,0.0,484.4,35.9,765.6,18.1
0.26,0.26,0.0,0.5,0.25,0.0,145.7,41.9,1625.2,6.8,0.0,0.0,55.8,6.8,1631.6,4.8,768.7,21.8,191.0,13.7
0.26,0.26,0.0,0.5,0.25,0.25,121.6,29.1,1606.7,9.8,0.0,0.0,74.3,9.8,1621.1,6.1,736.2,36.3,453.4,18.1
0.26,0.26,0.0,0.5,0.25,0.5,136.5,16.4,1582.5,12.0,0.0,0.0,98.5,12.0,1596.5,5.8,674.9,32.9,620.5,18.3
0.26,0.26,0.0,0.5,0.25,0.75,122.6,27.4,1535.1,13.4,0.0,0.0,145.9,13.4,1551.3,6.3,567.7,61.0,717.2,22.4
0.26,0.26,0.0,0.5,0.25,1.0,102.1,31.9,1377.0,21.5,0.0,0.0,304.0,21.5,1420.2,36.0,425.8,28.1,822.4,33.9
0.26,0.26,0.0,0.5,0.5,0.0,121.6,29.8,1565.5,7.0,0.0,0.0,115.5,7.0,1576.1,5.2,726.0,29.0,314.2,21.7
0.26,0.26,0.0,0.5,0.5,0.25,148.2,23.2,1527.3,10.7,0.0,0.0,153.7,10.7,1547.7,4.7,669.3,25.0,535.9,17.0
0.26,0.26,0.0,0.5,0.5,0.5,119.8,15.8,1473.8,15.8,0.0,0.0,207.2,15.8,1498.6,11.7,581.1,15.2,669.4,25.5
0.26,0.26,0.0,0.5,0.5,0.75,102.5,19.5,1373.1,27.3,0.0,0.0,307.9,27.3,1400.9,18.0,467.0,23.7,764.4,33.4
0.26,0.26,0.0,0.5,0.5,1.0,56.3,10.0,515.5,63.0,0.0,0.0,1165.5,63.0,552.7,63.5,413.7,17.4,1206.1,55.7
0.26,0.26,0.0,0.5,0.75,0.0,124.8,24.6,1503.8,15.3,0.0,0.0,177.2,15.3,1520.8,4.5,681.0,26.9,415.2,20.4
0.26,0.26,0.0,0.5,0.75,0.25,123.9,20.0,1443.8,20.0,0.0,0.0,237.2,20.0,1471.9,10.0,618.4,42.8,590.4,21.1
0.26,0.26,0.0,0.5,0.75,0.5,118.1,31.9,1366.8,13.8,0.0,0.0,314.2,13.8,1388.1,9.6,511.8,27.3,717.0,28.2
0.26,0.26,0.0,0.5,0.75,0.75,96.8,8.3,1140.6,35.9,0.0,0.0,540.4,35.9,1185.8,20.9,426.5,24.2,836.0,22.7
0.26,0.26,0.0,0.5,0.75,1.0,45.5,13.1,126.1,48.3,0.0,0.0,1554.9,48.3,429.0,20.3,388.9,26.9,1560.6,47.3
0.26,0.26,0.0,0.5,1.0,0.0,113.8,31.5,1439.2,9.0,0.0,0.0,241.8,9.0,1454.2,7.9,629.2,34.6,486.6,20.1
0.26,0.26,0.0,0.5,1.0,0.25,109.9,19.9,1370.7,13.5,0.0,0.0,310.3,13.5,1391.7,9.4,558.4,45.1,659.0,23.1
0.26,0.26,0.0,0.5,1.0,0.5,102.6,18.4,1211.0,22.7,0.0,0.0,470.0,22.7,1251.4,9.7,459.7,36.6,768.3,33.0
0.26,0.26,0.0,0.5,1.0,0.75,70.5,10.7,788.8,65.2,0.0,0.0,892.2,65.2,806.9,55.2,414.4,29.6,1105.9,42.2
0.26,0.26,0.0,0.5,1.0,1.0,29.9,6.8,50.1,23.6,0.0,0.0,1630.9,23.6,401.1,16.4,375.6,24.7,1631.1,23.8
0.26,0.26,0.0,0.75,0.0,0.0,105.7,19.6,1681.0,0.0,0.0,0.0,0.0,0.0,1681.0,0.0,806.8,26.8,45.0,9.1
0.26,0.26,0.0,0.75,0.0,0.25,115.1,26.6,1681.0,0.0,0.0,0.0,0.0,0.0,1681.0,0.0,732.5,31.4,350.7,23.1
0.26,0.26,0.0,0.75,0.0,0.5,113.0,29.4,1681.0,0.0,0.0,0.0,0.0,0.0,1681.0,0.0,707.6,50.2,543.6,19.3
0.26,0.26,0.0,0.75,0.0,0.75,99.1,23.2,1681.0,0.0,0.0,0.0,0.0,0.0,1681.0,0.0,617.5,45.0,645.6,24.8
0.26,0.26,0.0,0.75,0.0,1.0,109.9,21.6,1681.0,0.0,0.0,0.0,0.0,0.0,1681.0,0.0,482.9,33.0,758.3,17.2
0.26,0.26,0.0,0.75,0.25,0.0,100.2,24.0,1631.5,8.9,0.0,0.0,49.5,8.9,1638.9,5.1,759.7,31.9,186.9,5.1
0.26,0.26,0.0,0.75,0.25,0.25,101.1,21.2,1619.0,7.5,0.0,0.0,62.0,7.5,1631.9,7.0,711.5,35.2,430.1,16.2
0.26,0.26,0.0,0.75,0.25,0.5,92.0,17.4,1605.5,9.6,0.0,0.0,75.5,9.6,1615.7,4.6,611.5,57.3,584.1,42.0
0.26,0.26,0.0,0.75,0.25,0.75,102.4,21.6,1580.3,8.9,0.0,0.0,100.7,8.9,1590.0,6.3,523.9,37.3,693.8,23.7
0.26,0.26,0.0,0.75,0.25,1.0,95.3,25.4,1513.9,10.4,0.0,0.0,167.1,10.4,1536.0,12.5,448.2,27.9,786.1,26.5
0.26,0.26,0.0,0.75,0.5,0.0,91.4,7.6,1579.5,8.9,0.0,0.0,101.5,8.9,1593.1,3.4,717.7,28.8,303.5,20.9
0.26,0.26,0.0,0.75,0.5,0.25,102.3,24.9,1557.3,4.8,0.0,0.0,123.7,4.8,1574.7,6.8,659.4,37.2,517.4,18.5
0.26,0.26,0.0,0.75,0.5,0.5,94.4,22.7,1524.0,11.6,0.0,0.0,157.0,11.6,1536.3,7.4,572.0,31.1,647.8,16.9
0.26,0.26,0.0,0.75,0.5,0.75,86.7,14.6,1461.9,10.5,0.0,0.0,219.1,10.5,1483.1,16.0,480.3,30.7,753.9,28.0
0.26,0.26,0.0,0.75,0.5,1.0,62.5,16.1,1265.0,38.8,0.0,0.0,416.0,38.8,1281.5,48.8,418.4,24.0,891.4,40.0
0.26,0.26,0.0,0.75,0.75,0.0,92.9,19.4,1525.5,9.9,0.0,0.0,155.5,9.9,1540.4,5.5,688.4,18.1,391.7,20.2
0.26,0.26,0.0,0.75,0.75,0.25,89.3,15.8,1490.3,11.7,0.0,0.0,190.7,11.7,1507.4,6.5,595.9,20.8,567.3,26.0
0.26,0.26,0.0,0.75,0.75,0.5,83.2,16.7,1432.4,12.3,0.0,0.0,248.6,12.3,1451.5,13.1,502.2,40.9,692.9,32.2
0.26,0.26,0.0,0.75,0.75,0.75,78.8,10.2,1314.8,29.5,0.0,0.0,366.2,29.5,1348.0,11.9,439.0,22.6,781.7,25.3
0.26,0.26,0.0,0.75,0.75,1.0,49.3,7.6,665.4,116.0,0.0,0.0,1015.6,116.0,672.8,115.5,392.0,16.6,1159.1,73.9
0.26,0.26,0.0,0.75,1.0,0.0,92.0,18.2,1470.8,12.1,0.0,0.0,210.2,12.1,1489.7,6.6,663.2,34.5,475.6,22.3
0.26,0.26,0.0,0.75,1.0,0.25,100.8,18.7,1419.1,9.6,0.0,0.0,261.9,9.6,1444.3,6.2,564.5,43.7,624.2,25.0
0.26,0.26,0.0,0.75,1.0,0.5,86.5,10.5,1322.3,19.9,0.0,0.0,358.7,19.9,1353.9,12.9,477.6,26.3,732.0,22.5
0.26,0.26,0.0,0.75,1.0,0.75,65.6,11.0,1125.4,23.8,0.0,0.0,555.6,23.8,1154.8,36.1,408.2,16.9,891.2,40.9
0.26,0.26,0.0,0.75,1.0,1.0,34.5,9.3,222.3,36.4,0.0,0.0,1458.7,36.4,416.8,20.2,376.7,26.4,1462.1,33.7
0.26,0.26,0.0,1.0,0.0,0.0,91.6,32.4,1681.0,0.0,0.0,0.0,0.0,0.0,1681.0,0.0,804.9,19.8,46.0,10.6
0.26,0.26,0.0,1.0,0.0,0.25,89.2,15.0,1681.0,0.0,0.0,0.0,0.0,0.0,1681.0,0.0,751.3,36.9,329.0,22.8
0.26,0.26,0.0,1.0,0.0,0.5,86.0,12.6,1681.0,0.0,0.0,0.0,0.0,0.0,1681.0,0.0,688.9,44.8,509.8,13.0
0.26,0.26,0.0,1.0,0.0,0.75,100.6,18.5,1681.0,0.0,0.0,0.0,0.0,0.0,1681.0,0.0,600.5,58.0,637.8,31.6
0.26,0.26,0.0,1.0,0.0,1.0,87.6,16.3,1681.0,0.0,0.0,0.0,0.0,0.0,1681.0,0.0,504.9,30.7,730.8,28.2
0.26,0.26,0.0,1.0,0.25,0.0,87.8,22.7,1640.4,7.2,0.0,0.0,40.6,7.2,1643.9,3.7,762.1,41.1,183.8,17.9
0.26,0.26,0.0,1.0,0.25,0.25,85.9,17.6,1628.4,6.2,0.0,0.0,52.6,6.2,1637.5,5.3,684.5,41.2,433.1,20.6
0.26,0.26,0.0,1.0,0.25,0.5,89.5,20.9,1616.3,7.5,0.0,0.0,64.7,7.5,1626.5,4.1,628.6,34.2,565.9,20.3
0.26,0.26,0.0,1.0,0.25,0.75,80.8,18.8,1602.8,7.5,0.0,0.0,78.2,7.5,1611.0,7.2,526.7,27.8,668.6,19.8
0.26,0.26,0.0,1.0,0.25,1.0,79.2,19.9,1569.4,10.2,0.0,0.0,111.6,10.2,1584.7,13.9,423.7,25.6,783.2,23.3
0.26,0.26,0.0,1.0,0.5,0.0,84.7,18.0,1594.8,8.1,0.0,0.0,86.2,8.1,1607.1,4.4,704.0,33.4,289.4,12.7
0.26,0.26,0.0,1.0,0.5,0.25,80.6,13.7,1580.0,6.2,0.0,0.0,101.0,6.2,1589.3,4.5,629.0,22.9,484.0,18.5
0.26,0.26,0.0,1.0,0.5,0.5,83.2,17.0,1542.5,12.8,0.0,0.0,138.5,12.8,1564.2,9.3,561.5,40.6,633.7,17.4
0.26,0.26,0.0,1.0,0.5,0.75,71.8,12.4,1505.2,11.8,0.0,0.0,175.8,11.8,1525.6,10.3,465.2,21.8,730.8,23.2
0.26,0.26,0.0,1.0,0.5,1.0,64.6,14.6,1426.2,21.2,0.0,0.0,254.8,21.2,1440.7,16.4,418.0,20.1,807.1,22.9
0.26,0.26,0.0,1.0,0.75,0.0,87.9,23.4,1543.6,14.9,0.0,0.0,137.4,14.9,1564.0,5.2,660.8,22.8,389.5,13.9
0.26,0.26,0.0,1.0,0.75,0.25,74.8,9.3,1520.4,12.2,0.0,0.0,160.6,12.2,1537.4,3.3,606.2,35.6,546.9,25.4
0.26,0.26,0.0,1.0,0.75,0.5,69.0,12.3,1478.6,12.5,0.0,0.0,202.4,12.5,1496.1,8.1,524.9,30.2,673.1,24.4
0.26,0.26,0.0,1.0,0.75,0.75,68.0,19.3,1398.6,21.9,0.0,0.0,282.4,21.9,1424.6,15.0,440.2,20.7,761.4,29.0
0.26,0.26,0.0,1.0,0.75,1.0,61.3,21.0,1211.6,49.4,0.0,0.0,469.4,49.4,1230.8,45.8,407.1,24.3,940.2,47.6
0.26,0.26,0.0,1.0,1.0,0.0,92.6,14.3,1500.8,12.0,0.0,0.0,180.2,12.0,1513.9,7.3,639.5,35.0,457.7,29.4
0.26,0.26,0.0,1.0,1.0,0.25,87.7,19.3,1464.4,14.8,0.0,0.0,216.6,14.8,1482.4,8.2,575.9,28.2,602.0,23.4
0.26,0.26,0.0,1.0,1.0,0.5,63.4,9.1,1395.8,13.9,0.0,0.0,285.2,13.9,1418.0,16.1,480.1,20.7,734.7,19.7
0.26,0.26,0.0,1.0,1.0,0.75,66.3,10.1,1277.2,28.7,0.0,0.0,403.8,28.7,1309.2,19.2,412.0,23.0,802.6,29.1
0.26,0.26,0.0,1.0,1.0,1.0,38.5,6.8,696.2,128.9,0.0,0.0,984.8,128.9,706.4,115.6,393.0,25.7,1154.1,63.6
0.26,0.26,0.25,0.0,0.0,0.0,32.8,4.6,0.0,0.0,1681.0,0.0,0.0,0.0,748.7,41.5,1681.0,0.0,41.5,11.5
0.26,0.26,0.25,0.0,0.0,0.25,34.2,6.1,0.0,0.0,1681.0,0.0,0.0,0.0,593.3,31.4,1681.0,0.0,418.9,19.8
0.26,0.26,0.25,0.0,0.0,0.5,35.7,4.2,0.0,0.0,1681.0,0.0,0.0,0.0,490.9,22.3,1681.0,0.0,625.4,26.8
0.26,0.26,0.25,0.0,0.0,0.75,33.4,4.1,0.0,0.0,1671.7,10.2,9.3,10.2,408.7,15.0,1671.9,10.1,762.8,18.4
0.26,0.26,0.25,0.0,0.0,1.0,32.0,8.4,0.0,0.0,582.1,70.9,1098.9,70.9,375.8,25.4,639.4,62.5,1118.5,70.8
0.26,0.26,0.25,0.0,0.25,0.0,38.0,10.0,0.0,0.0,1594.7,10.2,86.3,10.2,661.1,22.0,1604.0,8.6,231.4,16.4
0.26,0.26,0.25,0.0,0.25,0.25,37.8,5.4,0.0,0.0,1558.6,11.4,122.4,11.4,554.0,35.0,1570.8,6.4,525.8,26.8
0.26,0.26,0.25,0.0,0.25,0.5,32.6,2.7,0.0,0.0,1482.7,10.7,198.3,10.7,441.5,22.4,1503.1,10.5,689.4,18.8
0.26,0.26,0.25,0.0,0.25,0.75,35.0,6.1,0.0,0.0,1218.5,29.4,462.5,29.4,380.8,20.0,1226.7,31.8,835.2,49.1
0.26,0.26,0.25,0.0,0.25,1.0,23.4,4.4,0.0,0.0,181.9,64.5,1499.1,64.5,337.7,29.3,454.1,30.6,1503.4,59.6
0.26,0.26,0.25,0.0,0.5,0.0,36.3,10.2,0.0,0.0,1500.5,9.5,180.5,9.5,598.7,17.9,1520.6,6.4,370.0,16.4
0.26,0.26,0.25,0.0,0.5,0.25,40.4,7.3,0.0,0.0,1431.5,17.1,249.5,17.1,476.7,25.8,1452.8,6.7,616.4,25.9
0.26,0.26,0.25,0.0,0.5,0.5,38.5,6.6,0.0,0.0,1263.7,20.9,417.3,20.9,415.5,15.3,1288.1,24.5,744.1,28.5
0.26,0.26,0.25,0.0,0.5,0.75,29.6,3.9,0.0,0.0,667.8,39.4,1013.2,39.4,363.5,18.2,684.2,37.6,1081.4,27.8
0.26,0.26,0.25,0.0,0.5,1.0,21.3,5.0,0.0,0.0,74.4,44.9,1606.6,44.9,329.5,24.4,422.1,23.9,1607.4,44.3
0.26,0.26,0.25,0.0,0.75,0.0,36.7,6.5,0.0,0.0,1425.7,16.7,255.3,16.7,548.1,12.8,1438.2,11.2,483.0,26.7
0.26,0.26,0.25,0.0,0.75,0.25,36.0,4.1,0.0,0.0,1312.5,11.4,368.5,11.4,452.7,17.6,1323.2,17.1,677.9,24.3
0.26,0.26,0.25,0.0,0.75,0.5,34.2,4.6,0.0,0.0,1036.2,32.8,644.8,32.8,391.8,25.9,1068.1,33.8,813.9,29.1
0.26,0.26,0.25,0.0,0.75,0.75,26.4,5.1,0.0,0.0,300.4,38.1,1380.6,38.1,345.5,16.1,450.2,22.3,1392.7,30.1
0.26,0.26,0.25,0.0,0.75,1.0,15.7,1.6,0.0,0.0,53.3,19.2,1627.7,19.2,313.5,22.3,393.2,20.4,1627.7,19.2
0.26,0.26,0.25,0.0,1.0,0.0,36.0,6.7,0.0,0.0,1321.3,22.8,359.7,22.8,505.2,18.9,1345.8,11.4,580.1,22.8
0.26,0.26,0.25,0.0,1.0,0.25,34.4,5.2,0.0,0.0,1170.3,21.7,510.7,21.7,414.2,13.3,1199.0,11.4,761.3,26.2
0.26,0.26,0.25,0.0,1.0,0.5,33.6,7.6,0.0,0.0,790.5,24.7,890.5,24.7,376.3,10.2,810.3,36.7,992.4,21.0
0.26,0.26,0.25,0.0,1.0,0.75,21.5,4.5,0.0,0.0,155.8,46.6,1525.2,46.6,315.5,20.6,416.5,23.6,1527.5,44.7
0.26,0.26,0.25,0.0,1.0,1.0,17.1,3.4,0.0,0.0,25.7,20.7,1655.3,20.7,298.8,20.7,389.8,24.5,1655.5,20.4
0.26,0.26,0.25,0.25,0.0,0.0,47.2,7.6,0.0,0.0,1681.0,0.0,0.0,0.0,762.4,41.4,1681.0,0.0,43.9,5.3
0.26,0.26,0.25,0.25,0.0,0.25,48.2,7.2,0.0,0.0,1681.0,0.0,0.0,0.0,644.9,20.6,1681.0,0.0,419.3,16.7
0.26,0.26,0.25,0.25,0.0,0.5,50.6,10.3,0.0,0.0,1681.0,0.0,0.0,0.0,553.8,38.1,1681.0,0.0,597.6,21.8
0.26,0.26,0.25,0.25,0.0,0.75,50.3,6.4,0.0,0.0,1680.9,0.3,0.1,0.3,434.0,20.1,1680.9,0.3,746.7,17.2
0.26,0.26,0.25,0.25,0.0,1.0,49.9,14.7,0.0,0.0,620.3,92.0,1060.7,92.0,391.0,24.6,692.7,80.3,1094.2,80.4
0.26,0.26,0.25,0.25,0.25,0.0,47.1,6.9,0.0,0.0,1597.5,11.1,83.5,11.1,704.6,36.7,1609.3,4.4,223.9,21.1
0.26,0.26,0.25,0.25,0.25,0.25,52.5,6.9,0.0,0.0,1563.1,14.1,117.9,14.1,592.9,30.7,1575.8,7.5,498.2,28.2
0.26,0.26,0.25,0.25,0.25,0.5,47.3,10.2,0.0,0.0,1482.6,13.0,198.4,13.0,481.7,25.5,1502.2,12.6,668.3,18.6
0.26,0.26,0.25,0.25,0.25,0.75,45.1,7.1,0.0,0.0,1222.7,40.7,458.3,40.7,406.6,25.0,1250.9,35.5,782.8,20.5
0.26,0.26,0.25,0.25,0.25,1.0,31.8,5.2,0.0,0.0,138.4,28.7,1542.6,28.7,371.6,15.1,440.4,20.7,1544.8,27.5
0.26,0.26,0.25,0.25,0.5,0.0,49.6,9.8,0.0,0.0,1498.6,10.5,182.4,10.5,645.3,30.1,1527.9,7.2,364.6,16.3
0.26,0.26,0.25,0.25,0.5,0.25,47.9,4.5,0.0,0.0,1431.8,9.3,249.2,9.3,521.0,28.9,1451.7,10.0,583.4,25.9
0.26,0.26,0.25,0.25,0.5,0.5,44.9,6.8,0.0,0.0,1277.8,21.0,403.2,21.0,426.9,17.8,1291.2,17.5,725.7,16.5
0.26,0.26,0.25,0.25,0.5,0.75,48.6,6.7,0.0,0.0,688.4,69.5,992.6,69.5,379.4,26.3,732.9,44.6,1066.8,25.6
0.26,0.26,0.25,0.25,0.5,1.0,24.2,5.8,0.0,0.0,50.5,31.3,1630.5,31.3,352.9,15.1,423.0,25.3,1631.2,31.2
0.26,0.26,0.25,0.25,0.75,0.0,54.4,15.8,0.0,0.0,1415.5,13.8,265.5,13.8,601.6,39.5,1437.7,5.3,475.5,18.4
0.26,0.26,0.25,0.25,0.75,0.25,49.4,7.7,0.0,0.0,1309.6,17.3,371.4,17.3,479.4,27.9,1330.5,12.8,661.6,22.1
0.26,0.26,0.25,0.25,0.75,0.5,51.4,10.9,0.0,0.0,1051.5,26.3,629.5,26.3,410.1,33.6,1088.6,18.8,778.9,29.2
0.26,0.26,0.25,0.25,0.75,0.75,42.1,14.5,0.0,0.0,245.1,52.2,1435.9,52.2,365.8,24.9,448.1,21.5,1446.9,59.7
0.26,0.26,0.25,0.25,0.75,1.0,20.3,3.0,0.0,0.0,44.6,19.2,1636.4,19.2,335.4,15.3,400.2,17.8,1637.6,19.1
0.26,0.26,0.25,0.25,1.0,0.0,53.4,10.3,0.0,0.0,1323.2,19.6,357.8,19.6,537.7,20.7,1348.8,13.5,552.3,17.3
0.26,0.26,0.25,0.25,1.0,0.25,44.8,7.6,0.0,0.0,1159.8,30.4,521.2,30.4,446.7,25.2,1191.5,18.5,722.0,19.0
0.26,0.26,0.25,0.25,1.0,0.5,54.0,17.0,0.0,0.0,821.8,35.3,859.2,35.3,385.4,17.7,854.5,25.3,955.1,15.7
0.26,0.26,0.25,0.25,1.0,0.75,33.9,10.5,0.0,0.0,92.5,48.8,1588.5,48.8,350.7,13.9,414.6,21.2,1590.6,49.5
0.26,0.26,0.25,0.25,1.0,1.0,19.5,4.1,0.0,0.0,15.5,16.9,1665.5,16.9,333.0,21.1,378.6,34.6,1665.5,16.9
0.26,0.26,0.25,0.5,0.0,0.0,69.7,10.6,0.0,0.0,1681.0,0.0,0.0,0.0,782.4,28.7,1681.0,0.0,42.9,6.0
0.26,0.26,0.25,0.5,0.0,0.25,57.2,7.0,0.0,0.0,1681.0,0.0,0.0,0.0,670.5,57.1,1681.0,0.0,398.0,22.3
0.26,0.26,0.25,0.5,0.0,0.5,65.0,8.5,0.0,0.0,1681.0,0.0,0.0,0.0,591.1,39.7,1681.0,0.0,568.4,30.9
0.26,0.26,0.25,0.5,0.0,0.75,62.3,11.7,0.0,0.0,1681.0,0.0,0.0,0.0,505.6,25.7,1681.0,0.0,702.2,19.5
0.26,0.26,0.25,0.5,0.0,1.0,82.9,20.0,0.0,0.0,1011.5,141.0,669.5,141.0,409.8,31.1,1053.9,128.9,838.1,58.7
0.26,0.26,0.25,0.5,0.25,0.0,67.3,18.2,0.0,0.0,1594.4,6.8,86.6,6.8,710.0,38.9,1603.6,3.7,208.0,16.8
0.26,0.26,0.25,0.5,0.25,0.25,72.3,10.9,0.0,0.0,1553.3,6.7,127.7,6.7,626.6,46.4,1574.4,7.1,482.6,19.8
0.26,0.26,0.25,0.5,0.25,0.5,67.7,17.5,0.0,0.0,1481.7,16.6,199.3,16.6,529.2,37.4,1501.2,13.5,635.4,27.3
0.26,0.26,0.25,0.5,0.25,0.75,76.8,16.4,0.0,0.0,1243.3,33.1,437.7,33.1,450.3,32.1,1267.4,29.3,753.5,17.2
0.26,0.26,0.25,0.5,0.25,1.0,50.8,14.1,0.0,0.0,101.6,75.2,1579.4,75.2,397.1,27.8,463.2,24.6,1580.0,73.8
0.26,0.26,0.25,0.5,0.5,0.0,70.3,14.7,0.0,0.0,1504.9,12.6,176.1,12.6,664.7,31.0,1524.2,7.6,324.5,20.9
0.26,0.26,0.25,0.5,0.5,0.25,78.1,12.6,0.0,0.0,1431.1,15.5,249.9,15.5,587.6,20.8,1463.5,9.0,550.9,29.0
0.26,0.26,0.25,0.5,0.5,0.5,74.4,13.8,0.0,0.0,1264.2,17.1,416.8,17.1,487.6,27.1,1305.1,14.1,708.0,26.1
0.26,0.26,0.25,0.5,0.5,0.75,79.9,32.5,0.0,0.0,698.9,44.0,982.1,44.0,411.9,30.7,761.2,45.3,1027.7,42.0
0.26,0.26,0.25,0.5,0.5,1.0,33.6,7.5,0.0,0.0,33.8,20.2,1647.2,20.2,377.7,12.7,432.1,19.0,1647.2,20.2
0.26,0.26,0.25,0.5,0.75,0.0,57.9,11.0,0.0,0.0,1419.1,17.7,261.9,17.7,623.1,30.4,1436.8,10.8,442.3,25.1
0.26,0.26,0.25,0.5,0.75,0.25,85.5,12.7,0.0,0.0,1301.0,21.8,380.0,21.8,537.1,41.5,1328.0,12.3,632.9,28.9
0.26,0.26,0.25,0.5,0.75,0.5,88.6,14.7,0.0,0.0,1053.9,18.3,627.1,18.3,432.3,24.5,1099.1,21.6,746.0,28.5
0.26,0.26,0.25,0.5,0.75,0.75,73.7,14.9,0.0,0.0,185.8,49.3,1495.2,49.3,400.1,25.0,444.1,19.2,1502.0,49.5
0.26,0.26,0.25,0.5,0.75,1.0,28.1,5.0,0.1,0.3,19.1,19.9,1661.8,19.8,348.5,19.1,414.9,27.2,1663.1,17.8
0.26,0.26,0.25,0.5,1.0,0.0,73.2,14.3,0.0,0.0,1337.3,14.4,343.7,14.4,569.1,42.8,1352.2,13.4,526.6,19.1
0.26,0.26,0.25,0.5,1.0,0.25,72.9,8.8,0.0,0.0,1159.0,22.2,522.0,22.2,484.1,25.5,1192.1,13.9,687.8,20.3
0.26,0.26,0.25,0.5,1.0,0.5,85.9,15.5,0.0,0.0,781.7,21.8,899.3,21.8,413.8,21.6,841.2,24.9,941.2,17.3
0.26,0.26,0.25,0.5,1.0,0.75,43.3,8.1,0.0,0.0,62.7,25.7,1618.3,25.7,369.8,23.5,424.2,21.6,1620.0,25.4
0.26,0.26,0.25,0.5,1.0,1.0,21.0,4.0,0.0,0.0,17.8,10.0,1663.2,10.0,346.0,20.6,386.2,21.3,1664.7,9.3
0.26,0.26,0.25,0.75,0.0,0.0,106.8,18.2,0.0,0.0,1681.0,0.0,0.0,0.0,787.4,42.8,1681.0,0.0,41.5,8.4
0.26,0.26,0.25,0.75,0.0,0.25,124.7,32.7,0.0,0.0,1681.0,0.0,0.0,0.0,726.8,33.9,1681.0,0.0,371.4,17.7
0.26,0.26,0.25,0.75,0.0,0.5,106.5,20.8,0.0,0.0,1681.0,0.0,0.0,0.0,699.0,61.1,1681.0,0.0,550.4,25.8
0.26,0.26,0.25,0.75,0.0,0.75,111.7,18.8,0.0,0.0,1681.0,0.0,0.0,0.0,589.7,75.0,1681.0,0.0,696.3,33.7
0.26,0.26,0.25,0.75,0.0,1.0,119.3,27.3,0.0,0.0,1441.3,132.7,239.7,132.7,458.3,41.0,1482.6,91.0,769.0,26.8
0.26,0.26,0.25,0.75,0.25,0.0,108.7,22.9,0.0,0.0,1596.3,5.7,84.7,5.7,751.8,24.9,1605.6,3.7,199.5,19.9
0.26,0.26,0.25,0.75,0.25,0.25,115.0,37.5,0.0,0.0,1556.3,8.8,124.7,8.8,696.1,29.1,1575.9,7.7,456.6,21.3
0.26,0.26,0.25,0.75,0.25,0.5,101.6,18.4,0.0,0.0,1478.1,17.9,202.9,17.9,612.0,59.2,1506.5,9.9,616.4,36.2
0.26,0.26,0.25,0.75,0.25,0.75,139.4,31.2,0.0,0.0,1228.0,19.2,453.0,19.2,504.3,35.0,1270.5,17.4,723.0,24.4
0.26,0.26,0.25,0.75,0.25,1.0,143.0,42.6,134.4,147.6,18.1,37.8,1528.5,133.5,413.2,16.3,468.7,22.0,1581.9,79.1
0.26,0.26,0.25,0.75,0.5,0.0,119.5,34.5,0.0,0.0,1514.3,8.6,166.7,8.6,725.4,31.2,1527.4,4.9,316.0,18.8
0.26,0.26,0.25,0.75,0.5,0.25,102.0,11.6,0.0,0.0,1425.7,9.3,255.3,9.3,648.1,49.4,1448.4,5.8,544.0,26.2
0.26,0.26,0.25,0.75,0.5,0.5,141.3,25.9,0.0,0.0,1277.3,11.7,403.7,11.7,573.9,53.6,1307.3,13.0,683.6,26.3
0.26,0.26,0.25,0.75,0.5,0.75,237.6,100.8,0.0,0.0,734.5,60.7,946.5,60.7,453.4,20.9,823.8,20.1,1000.2,42.4
0.26,0.26,0.25,0.75,0.5,1.0,51.7,13.9,8.9,12.9,13.7,22.8,1658.4,20.4,398.3,15.2,435.8,28.3,1659.9,20.6
0.26,0.26,0.25,0.75,0.75,0.0,118.0,14.2,0.0,0.0,1420.2,14.1,260.8,14.1,659.5,45.6,1443.0,7.2,429.1,23.5
0.26,0.26,0.25,0.75,0.75,0.25,118.6,27.9,0.0,0.0,1298.6,23.3,382.4,23.3,573.3,44.7,1330.8,13.2,618.8,19.6
0.26,0.26,0.25,0.75,0.75,0.5,145.9,63.4,0.0,0.0,1046.2,47.2,634.8,47.2,509.1,44.7,1094.1,15.9,715.5,30.5
0.26,0.26,0.25,0.75,0.75,0.75,1731.6,1235.8,848.4,101.7,0.0,0.0,832.6,101.7,938.7,96.9,456.7,26.0,1431.3,66.8
0.26,0.26,0.25,0.75,0.75,1.0,40.4,7.0,0.4,1.0,6.6,10.4,1674.0,10.2,385.1,17.1,406.8,25.2,1674.7,9.5
0.26,0.26,0.25,0.75,1.0,0.0,117.6,45.9,0.0,0.0,1319.5,12.9,361.5,12.9,606.5,40.6,1346.4,11.2,513.8,30.5
0.26,0.26,0.25,0.75,1.0,0.25,140.2,29.1,0.0,0.0,1163.7,27.5,517.3,27.5,531.8,27.7,1206.6,9.9,674.6,33.4
0.26,0.26,0.25,0.75,1.0,0.5,179.0,47.6,0.0,0.0,819.2,31.0,861.8,31.0,443.4,18.9,867.1,13.5,939.4,31.5
0.26,0.26,0.25,0.75,1.0,0.75,93.1,26.9,13.6,24.8,12.4,18.2,1655.0,23.9,394.1,25.7,446.8,20.3,1657.7,21.1
0.26,0.26,0.25,0.75,1.0,1.0,26.0,6.2,1.8,2.6,5.8,9.1,1673.4,8.2,364.3,13.5,393.9,22.8,1673.6,7.9
0.26,0.26,0.25,1.0,0.0,0.0,253.8,57.0,0.0,0.0,1681.0,0.0,0.0,0.0,824.1,26.5,1681.0,0.0,40.1,10.4
0.26,0.26,0.25,1.0,0.0,0.25,225.0,72.3,0.0,0.0,1681.0,0.0,0.0,0.0,780.3,47.4,1681.0,0.0,356.5,21.3
0.26,0.26,0.25,1.0,0.0,0.5,253.1,71.8,0.0,0.0,1681.0,0.0,0.0,0.0,763.1,59.4,1681.0,0.0,534.0,32.2
0.26,0.26,0.25,1.0,0.0,0.75,233.0,42.3,0.0,0.0,1681.0,0.0,0.0,0.0,698.2,85.4,1681.0,0.0,664.9,27.1
0.26,0.26,0.25,1.0,0.0,1.0,270.1,101.3,0.0,0.0,1668.2,22.0,12.8,22.0,610.8,92.7,1670.1,18.7,763.2,17.1
0.26,0.26,0.25,1.0,0.25,0.0,264.2,90.7,0.0,0.0,1596.1,11.0,84.9,11.0,774.4,36.9,1609.2,4.6,198.6,9.3
0.26,0.26,0.25,1.0,0.25,0.25,218.1,43.3,0.0,0.0,1565.1,12.7,115.9,12.7,769.7,66.1,1578.4,5.9,449.4,23.1
0.26,0.26,0.25,1.0,0.25,0.5,247.3,80.3,0.0,0.0,1477.9,25.4,203.1,25.4,685.9,34.0,1513.1,10.5,610.3,27.3
0.26,0.26,0.25,1.0,0.25,0.75,477.0,198.5,0.0,0.0,1217.6,42.7,463.4,42.7,687.4,53.8,1289.7,20.5,722.0,43.3
0.26,0.26,0.25,1.0,0.25,1.0,4805.3,3070.3,1502.7,16.9,0.0,0.0,178.3,16.9,1529.2,6.6,487.9,26.8,855.1,57.8
0.26,0.26,0.25,1.0,0.5,0.0,217.2,63.6,0.0,0.0,1513.2,16.2,167.8,16.2,728.0,38.1,1526.7,6.7,304.1,18.9
0.26,0.26,0.25,1.0,0.5,0.25,258.3,62.0,0.0,0.0,1436.3,17.2,244.7,17.2,698.5,32.1,1460.2,9.0,510.3,11.4
0.26,0.26,0.25,1.0,0.5,0.5,376.2,118.0,0.0,0.0,1277.9,29.9,403.1,29.9,644.3,45.3,1323.1,13.7,646.9,21.5
0.26,0.26,0.25,1.0,0.5,0.75,14408.8,1869.5,965.7,209.9,362.7,159.5,352.6,53.2,1347.0,101.8,756.9,30.4,762.4,19.4
0.26,0.26,0.25,1.0,0.5,1.0,93.1,30.9,365.9,221.7,0.0,0.0,1315.1,221.7,479.8,126.8,432.4,28.8,1450.6,107.2
0.26,0.26,0.25,1.0,0.75,0.0,354.4,102.4,0.0,0.0,1415.6,22.8,265.4,22.8,707.1,34.0,1440.9,4.9,400.5,17.6
0.26,0.26,0.25,1.0,0.75,0.25,357.0,125.8,0.0,0.0,1305.8,15.8,375.2,15.8,651.8,40.1,1333.8,10.0,590.0,29.0
0.26,0.26,0.25,1.0,0.75,0.5,1595.1,788.8,0.0,0.0,1073.3,21.8,607.7,21.8,716.5,90.7,1114.6,13.8,708.9,19.6
0.26,0.26,0.25,1.0,0.75,0.75,526.6,150.0,1271.3,22.1,0.0,0.0,409.7,22.1,1302.6,11.7,467.0,20.7,895.4,52.6
0.26,0.26,0.25,1.0,0.75,1.0,50.1,6.2,26.1,35.1,0.6,1.9,1654.3,34.6,382.6,24.8,439.4,24.2,1655.1,33.2
0.26,0.26,0.25,1.0,1.0,0.0,360.4,110.3,0.0,0.0,1317.0,12.0,364.0,12.0,657.7,36.0,1349.8,8.1,495.7,20.7
0.26,0.26,0.25,1.0,1.0,0.25,467.2,153.1,0.0,0.0,1169.1,21.6,511.9,21.6,623.2,46.8,1211.9,12.5,638.3,24.0
0.26,0.26,0.25,1.0,1.0,0.5,2960.5,2157.6,1312.4,24.6,0.0,0.0,368.6,24.6,1336.8,8.3,600.1,50.6,747.2,25.3
0.26,0.26,0.25,1.0,1.0,0.75,155.6,45.0,829.1,100.1,0.0,0.0,851.9,100.1,858.0,116.1,443.0,24.9,1277.5,97.4
0.26,0.26,0.25,1.0,1.0,1.0,32.3,5.6,7.8,8.1,0.7,1.3,1672.5,7.4,373.4,12.8,413.3,29.0,1672.7,7.4
0.26,0.26,0.5,0.0,0.0,0.0,16.0,3.8,0.0,0.0,1681.0,0.0,0.0,0.0,670.4,36.8,1681.0,0.0,46.4,13.7
0.26,0.26,0.5,0.0,0.0,0.25,14.7,1.8,0.0,0.0,1681.0,0.0,0.0,0.0,460.2,16.1,1681.0,0.0,470.2,22.9
0.26,0.26,0.5,0.0,0.0,0.5,15.1,3.6,0.0,0.0,1675.1,7.0,5.9,7.0,376.4,24.7,1675.1,7.0,674.1,25.9
0.26,0.26,0.5,0.0,0.0,0.75,14.4,3.7,0.0,0.0,1485.8,80.5,195.2,80.5,324.4,23.8,1485.8,80.5,797.7,35.9
0.26,0.26,0.5,0.0,0.0,1.0,11.8,2.9,0.0,0.0,600.4,66.7,1080.6,66.7,281.9,19.4,620.1,59.7,1099.5,55.4
0.26,0.26,0.5,0.0,0.25,0.0,14.5,2.8,0.0,0.0,1600.9,6.8,80.1,6.8,541.0,26.4,1603.5,5.1,260.8,17.7
0.26,0.26,0.5,0.0,0.25,0.25,14.7,2.1,0.0,0.0,1561.6,7.4,119.4,7.4,414.9,15.2,1567.9,8.3,578.5,22.9
0.26,0.26,0.5,0.0,0.25,0.5,14.9,1.9,0.0,0.0,1469.7,17.9,211.3,17.9,336.0,15.2,1474.0,20.1,760.9,21.9
0.26,0.26,0.5,0.0,0.25,0.75,13.7,2.1,0.0,0.0,1033.9,94.5,647.1,94.5,295.5,19.8,1034.6,93.4,915.9,40.2
0.26,0.26,0.5,0.0,0.25,1.0,10.4,1.2,0.0,0.0,337.3,43.7,1343.7,43.7,246.0,21.0,486.9,24.6,1343.9,43.6
0.26,0.26,0.5,0.0,0.5,0.0,15.5,2.1,0.0,0.0,1511.4,9.9,169.6,9.9,481.8,22.8,1518.5,10.0,420.0,22.0
0.26,0.26,0.5,0.0,0.5,0.25,13.8,1.9,0.0,0.0,1428.7,11.4,252.3,11.4,379.0,16.3,1439.6,11.6,662.0,15.5
0.26,0.26,0.5,0.0,0.5,0.5,15.5,2.3,0.0,0.0,1255.6,35.0,425.4,35.0,322.8,20.8,1262.2,33.1,816.6,21.3
0.26,0.26,0.5,0.0,0.5,0.75,12.6,1.6,0.0,0.0,640.7,49.6,1040.3,49.6,272.8,20.6,655.3,45.2,1081.2,39.1
0.26,0.26,0.5,0.0,0.5,1.0,10.4,1.7,0.0,0.0,216.6,40.9,1464.4,40.9,246.6,17.2,441.5,26.3,1464.4,40.9
0.26,0.26,0.5,0.0,0.75,0.0,15.6,2.9,0.0,0.0,1419.8,11.4,261.2,11.4,431.7,19.2,1436.2,8.3,545.2,22.3
0.26,0.26,0.5,0.0,0.75,0.25,14.4,1.7,0.0,0.0,1302.1,19.1,378.9,19.1,343.4,28.5,1318.6,13.4,745.5,36.3
0.26,0.26,0.5,0.0,0.75,0.5,13.7,4.5,0.0,0.0,1006.9,34.6,674.1,34.6,292.5,17.7,1007.2,35.3,904.8,28.1
0.26,0.26,0.5,0.0,0.75,0.75,10.7,1.2,0.0,0.0,401.3,30.6,1279.7,30.6,247.4,18.3,495.3,19.7,1280.4,30.3
0.26,0.26,0.5,0.0,0.75,1.0,10.2,2.4,0.0,0.0,135.3,40.1,1545.7,40.1,235.7,15.2,419.9,28.2,1545.7,40.1
0.26,0.26,0.5,0.0,1.0,0.0,15.1,2.2,0.0,0.0,1320.8,17.3,360.2,17.3,382.4,18.1,1339.8,13.6,646.7,21.1
0.26,0.26,0.5,0.0,1.0,0.25,15.9,2.4,0.0,0.0,1166.9,19.0,514.1,19.0,314.0,21.0,1179.4,20.6,825.7,24.0
0.26,0.26,0.5,0.0,1.0,0.5,13.2,1.7,0.0,0.0,745.4,46.2,935.6,46.2,277.3,18.9,750.3,42.8,1031.2,25.7
0.26,0.26,0.5,0.0,1.0,0.75,10.7,2.4,0.0,0.0,284.9,41.7,1396.1,41.7,244.5,18.7,445.2,30.3,1396.9,41.2
0.26,0.26,0.5,0.0,1.0,1.0,8.6,1.3,0.0,0.0,118.6,22.8,1562.4,22.8,229.6,19.4,395.2,15.2,1562.4,22.8
0.26,0.26,0.5,0.25,0.0,0.0,18.5,2.9,0.0,0.0,1681.0,0.0,0.0,0.0,680.5,36.8,1681.0,0.0,44.6,7.8
0.26,0.26,0.5,0.25,0.0,0.25,16.8,1.8,0.0,0.0,1681.0,0.0,0.0,0.0,486.0,24.9,1681.0,0.0,467.0,18.0
0.26,0.26,0.5,0.25,0.0,0.5,18.0,3.3,0.0,0.0,1680.5,1.3,0.5,1.3,402.3,29.7,1680.5,1.3,656.6,29.4
0.26,0.26,0.5,0.25,0.0,0.75,18.0,2.4,0.0,0.0,1591.2,45.5,89.8,45.5,347.7,9.7,1591.2,45.5,780.5,10.1
0.26,0.26,0.5,0.25,0.0,1.0,13.3,2.1,0.0,0.0,629.9,48.1,1051.1,48.1,315.5,23.7,640.9,47.2,1068.4,44.0
0.26,0.26,0.5,0.25,0.25,0.0,19.1,4.2,0.0,0.0,1593.0,9.4,88.0,9.4,581.5,30.3,1606.3,5.6,253.5,16.8
0.26,0.26,0.5,0.25,0.25,0.25,20.0,5.3,0.0,0.0,1556.3,13.2,124.7,13.2,462.7,17.1,1572.7,9.7,544.6,21.1
0.26,0.26,0.5,0.25,0.25,0.5,17.7,2.8,0.0,0.0,1489.4,18.3,191.6,18.3,374.6,21.9,1494.7,15.2,726.4,30.2
0.26,0.26,0.5,0.25,0.25,0.75,17.0,2.9,0.0,0.0,1081.0,64.9,600.0,64.9,329.2,35.7,1086.7,64.4,842.6,25.1
0.26,0.26,0.5,0.25,0.25,1.0,13.3,3.2,0.0,0.0,315.8,67.1,1365.2,67.1,293.7,25.5,488.5,33.3,1365.8,66.5
0.26,0.26,0.5,0.25,0.5,0.0,18.0,2.2,0.0,0.0,1508.3,12.9,172.7,12.9,498.1,30.6,1517.8,8.8,406.1,27.4
0.26,0.26,0.5,0.25,0.5,0.25,18.8,2.8,0.0,0.0,1430.6,13.2,250.4,13.2,422.6,27.0,1449.0,12.1,645.6,27.3
0.26,0.26,0.5,0.25,0.5,0.5,18.3,3.4,0.0,0.0,1272.7,14.9,408.3,14.9,347.9,21.2,1282.6,14.3,776.4,17.1
0.26,0.26,0.5,0.25,0.5,0.75,15.4,3.2,0.0,0.0,674.9,36.0,1006.1,36.0,301.2,14.1,684.7,34.8,1055.0,36.8
0.26,0.26,0.5,0.25,0.5,1.0,12.5,1.8,0.0,0.0,171.1,31.7,1509.9,31.7,280.2,14.5,439.3,19.5,1509.9,31.7
0.26,0.26,0.5,0.25,0.75,0.0,19.8,4.5,0.0,0.0,1422.2,13.4,258.8,13.4,478.6,20.3,1433.5,12.1,516.2,30.0
0.26,0.26,0.5,0.25,0.75,0.25,18.5,3.0,0.0,0.0,1298.6,25.6,382.4,25.6,395.4,28.1,1312.3,18.9,692.8,23.8
0.26,0.26,0.5,0.25,0.75,0.5,18.5,2.9,0.0,0.0,1027.9,45.1,653.1,45.1,326.7,29.6,1041.9,39.2,854.2,28.9
0.26,0.26,0.5,0.25,0.75,0.75,14.2,2.3,0.0,0.0,392.2,70.5,1288.8,70.5,285.8,17.7,501.1,31.1,1292.0,68.0
0.26,0.26,0.5,0.25,0.75,1.0,12.4,4.1,0.0,0.0,111.7,45.9,1569.3,45.9,261.0,11.2,426.3,15.6,1569.3,45.9
0.26,0.26,0.5,0.25,1.0,0.0,20.8,2.9,0.0,0.0,1330.5,12.1,350.5,12.1,425.5,34.1,1344.0,8.8,615.0,17.9
0.26,0.26,0.5,0.25,1.0,0.25,17.8,2.5,0.0,0.0,1180.5,23.4,500.5,23.4,349.8,19.7,1192.7,15.4,761.2,19.9
0.26,0.26,0.5,0.25,1.0,0.5,15.4,2.0,0.0,0.0,779.6,49.9,901.4,49.9,306.2,30.4,785.0,50.4,1009.6,42.7
0.26,0.26,0.5,0.25,1.0,0.75,12.4,1.8,0.0,0.0,242.0,41.2,1439.0,41.2,273.2,20.2,448.8,25.5,1439.4,40.9
0.26,0.26,0.5,0.25,1.0,1.0,11.0,2.2,0.0,0.0,77.3,27.2,1603.7,27.2,256.0,15.9,400.4,17.4,1604.0,27.8
0.26,0.26,0.5,0.5,0.0,0.0,22.4,3.8,0.0,0.0,1681.0,0.0,0.0,0.0,718.0,31.9,1681.0,0.0,42.5,8.9
0.26,0.26,0.5,0.5,0.0,0.25,22.6,2.6,0.0,0.0,1681.0,0.0,0.0,0.0,506.6,31.7,1681.0,0.0,428.4,26.6
0.26,0.26,0.5,0.5,0.0,0.5,20.5,2.3,0.0,0.0,1680.7,0.7,0.3,0.7,443.2,34.4,1680.7,0.7,622.5,26.0
0.26,0.26,0.5,0.5,0.0,0.75,21.2,3.2,0.0,0.0,1638.6,33.2,42.4,33.2,379.7,31.6,1638.6,33.2,752.8,42.6
0.26,0.26,0.5,0.5,0.0,1.0,17.3,3.2,0.0,0.0,706.0,73.0,975.0,73.0,344.3,17.8,717.6,68.3,999.5,76.8
0.26,0.26,0.5,0.5,0.25,0.0,22.0,4.4,0.0,0.0,1595.2,7.8,85.8,7.8,613.3,30.2,1601.1,4.6,214.8,13.5
0.26,0.26,0.5,0.5,0.25,0.25,24.6,5.5,0.0,0.0,1555.3,8.7,125.7,8.7,476.1,28.3,1568.3,8.8,517.7,15.0
0.26,0.26,0.5,0.5,0.25,0.5,23.2,2.9,0.0,0.0,1488.6,21.8,192.4,21.8,422.1,24.6,1500.4,15.8,672.4,17.5
0.26,0.26,0.5,0.5,0.25,0.75,24.1,4.8,0.0,0.0,1161.6,57.5,519.4,57.5,358.3,25.7,1173.8,58.5,812.5,29.1
0.26,0.26,0.5,0.5,0.25,1.0,17.4,1.6,0.0,0.0,283.3,49.8,1397.7,49.8,333.6,15.4,508.0,35.7,1400.7,47.8
0.26,0.26,0.5,0.5,0.5,0.0,23.3,4.2,0.0,0.0,1501.8,15.6,179.2,15.6,546.0,24.2,1520.7,6.9,368.4,17.5
0.26,0.26,0.5,0.5,0.5,0.25,21.7,2.9,0.0,0.0,1436.2,28.6,244.8,28.6,443.6,20.6,1453.3,14.0,601.1,33.6
0.26,0.26,0.5,0.5,0.5,0.5,23.5,3.1,0.0,0.0,1278.3,26.2,402.7,26.2,379.2,37.5,1294.9,20.7,753.1,34.9
0.26,0.26,0.5,0.5,0.5,0.75,21.8,3.1,0.0,0.0,674.6,40.6,1006.4,40.6,341.8,15.1,696.3,47.2,1045.4,34.3
0.26,0.26,0.5,0.5,0.5,1.0,14.6,2.5,0.0,0.0,163.6,61.9,1517.4,61.9,302.7,16.5,453.6,27.4,1517.4,61.9
0.26,0.26,0.5,0.5,0.75,0.0,22.1,2.7,0.0,0.0,1411.3,16.0,269.7,16.0,499.8,22.8,1432.4,6.7,486.1,23.6
0.26,0.26,0.5,0.5,0.75,0.25,22.3,3.3,0.0,0.0,1297.7,13.7,383.3,13.7,421.8,19.6,1324.4,11.3,676.4,22.3
0.26,0.26,0.5,0.5,0.75,0.5,21.7,4.8,0.0,0.0,1046.0,32.6,635.0,32.6,353.5,17.1,1067.3,30.7,815.4,20.1
0.26,0.26,0.5,0.5,0.75,0.75,17.6,3.4,0.0,0.0,389.3,55.3,1291.7,55.3,300.3,20.4,519.5,24.4,1305.7,45.1
0.26,0.26,0.5,0.5,0.75,1.0,13.8,1.7,0.0,0.0,93.9,25.7,1587.1,25.7,289.0,19.0,424.0,15.5,1587.1,25.7
0.26,0.26,0.5,0.5,1.0,0.0,24.9,3.5,0.0,0.0,1339.4,18.7,341.6,18.7,454.5,19.4,1347.2,8.9,579.4,22.7
0.26,0.26,0.5,0.5,1.0,0.25,25.1,6.8,0.0,0.0,1167.1,17.9,513.9,17.9,391.5,20.9,1195.5,13.6,732.9,18.0
0.26,0.26,0.5,0.5,1.0,0.5,21.3,4.3,0.0,0.0,770.5,40.7,910.5,40.7,336.0,20.6,792.0,33.7,974.6,32.3
0.26,0.26,0.5,0.5,1.0,0.75,16.1,3.0,0.0,0.0,235.1,52.1,1445.9,52.1,301.2,19.6,452.6,30.0,1446.4,51.0
0.26,0.26,0.5,0.5,1.0,1.0,12.6,2.7,0.0,0.0,67.8,32.2,1613.2,32.2,270.3,19.4,405.8,25.6,1613.3,32.4
0.26,0.26,0.5,0.75,0.0,0.0,28.1,2.9,0.0,0.0,1681.0,0.0,0.0,0.0,744.8,45.0,1681.0,0.0,44.2,9.2
0.26,0.26,0.5,0.75,0.0,0.25,28.0,3.3,0.0,0.0,1681.0,0.0,0.0,0.0,574.2,36.8,1681.0,0.0,403.5,24.6
0.26,0.26,0.5,0.75,0.0,0.5,25.6,5.3,0.0,0.0,1681.0,0.0,0.0,0.0,472.1,23.5,1681.0,0.0,595.3,33.9
0.26,0.26,0.5,0.75,0.0,0.75,26.0,3.9,0.0,0.0,1670.4,14.1,10.6,14.1,399.6,23.8,1670.4,14.1,729.3,28.4
0.26,0.26,0.5,0.75,0.0,1.0,26.1,3.0,0.0,0.0,796.6,86.3,884.4,86.3,370.8,18.9,824.6,65.7,922.2,73.0
0.26,0.26,0.5,0.75,0.25,0.0,30.3,5.9,0.0,0.0,1593.3,6.4,87.7,6.4,644.1,30.2,1607.9,7.3,214.0,15.9
0.26,0.26,0.5,0.75,0.25,0.25,25.6,4.1,0.0,0.0,1557.7,10.2,123.3,10.2,508.9,34.4,1570.3,7.6,490.3,19.4
0.26,0.26,0.5,0.75,0.25,0.5,27.3,4.2,0.0,0.0,1472.9,14.1,208.1,14.1,433.3,25.5,1486.0,17.4,665.6,26.7
0.26,0.26,0.5,0.75,0.25,0.75,24.8,5.1,0.0,0.0,1183.9,60.2,497.1,60.2,384.5,20.6,1196.0,69.6,782.5,22.3
0.26,0.26,0.5,0.75,0.25,1.0,21.7,3.8,0.0,0.0,260.2,69.1,1420.8,69.1,352.2,17.1,513.4,24.7,1421.8,70.5
0.26,0.26,0.5,0.75,0.5,0.0,27.2,5.7,0.0,0.0,1501.1,17.1,179.9,17.1,586.2,22.5,1521.8,6.5,357.5,30.5
0.26,0.26,0.5,0.75,0.5,0.25,27.6,3.1,0.0,0.0,1441.8,13.9,239.2,13.9,468.8,28.7,1453.9,15.6,585.2,36.0
0.26,0.26,0.5,0.75,0.5,0.5,26.9,4.1,0.0,0.0,1284.2,15.2,396.8,15.2,413.2,21.1,1301.9,9.6,730.1,30.4
0.26,0.26,0.5,0.75,0.5,0.75,27.3,8.7,0.0,0.0,719.0,51.8,962.0,51.8,375.1,31.9,754.6,32.4,992.8,36.0
0.26,0.26,0.5,0.75,0.5,1.0,16.8,2.9,0.0,0.0,143.4,45.9,1537.6,45.9,335.7,25.8,446.6,34.0,1537.9,45.6
0.26,0.26,0.5,0.75,0.75,0.0,29.0,5.3,0.0,0.0,1427.3,13.7,253.7,13.7,541.3,31.2,1435.7,8.3,454.9,18.0
0.26,0.26,0.5,0.75,0.75,0.25,29.0,3.3,0.0,0.0,1300.4,15.6,380.6,15.6,453.0,32.3,1326.1,14.7,639.5,18.3
0.26,0.26,0.5,0.75,0.75,0.5,29.6,6.4,0.0,0.0,1049.1,21.4,631.9,21.4,380.2,36.9,1076.4,21.2,786.7,19.5
0.26,0.26,0.5,0.75,0.75,0.75,22.0,5.5,0.0,0.0,407.3,48.3,1273.7,48.3,358.1,25.8,527.9,26.5,1279.7,51.1
0.26,0.26,0.5,0.75,0.75,1.0,17.0,5.1,0.0,0.0,75.0,45.8,1606.0,45.8,310.9,21.3,434.7,22.5,1606.0,45.8
0.26,0.26,0.5,0.75,1.0,0.0,30.1,6.3,0.0,0.0,1325.6,15.2,355.4,15.2,493.6,28.8,1343.6,10.5,547.7,11.0
0.26,0.26,0.5,0.75,1.0,0.25,29.2,5.6,0.0,0.0,1172.4,24.8,508.6,24.8,412.8,32.6,1194.9,18.2,719.2,33.9
0.26,0.26,0.5,0.75,1.0,0.5,30.0,7.6,0.0,0.0,820.3,33.9,860.7,33.9,362.7,21.9,843.8,19.7,916.0,20.0
0.26,0.26,0.5,0.75,1.0,0.75,21.1,4.6,0.0,0.0,167.7,35.0,1513.3,35.0,328.9,23.1,458.6,28.9,1516.0,36.2
0.26,0.26,0.5,0.75,1.0,1.0,14.2,3.4,0.0,0.0,62.2,23.5,1618.8,23.5,302.3,13.7,413.1,24.5,1618.8,23.5
0.26,0.26,0.5,1.0,0.0,0.0,33.1,5.4,0.0,0.0,1681.0,0.0,0.0,0.0,737.9,41.8,1681.0,0.0,44.6,6.4
0.26,0.26,0.5,1.0,0.0,0.25,35.1,5.4,0.0,0.0,1681.0,0.0,0.0,0.0,590.4,32.0,1681.0,0.0,405.6,21.6
0.26,0.26,0.5,1.0,0.0,0.5,33.4,3.6,0.0,0.0,1681.0,0.0,0.0,0.0,502.8,36.5,1681.0,0.0,565.2,23.6
0.26,0.26,0.5,1.0,0.0,0.75,33.8,4.3,0.0,0.0,1679.4,2.8,1.6,2.8,427.1,18.0,1679.5,2.6,704.4,27.7
0.26,0.26,0.5,1.0,0.0,1.0,40.2,11.2,0.0,0.0,1003.3,106.0,677.7,106.0,406.5,22.4,1028.9,103.4,805.8,46.4
0.26,0.26,0.5,1.0,0.25,0.0,31.0,3.4,0.0,0.0,1600.9,10.3,80.1,10.3,658.6,42.1,1608.3,4.5,210.0,13.7
0.26,0.26,0.5,1.0,0.25,0.25,32.3,6.4,0.0,0.0,1558.6,12.4,122.4,12.4,544.4,42.3,1569.4,9.9,490.7,28.9
0.26,0.26,0.5,1.0,0.25,0.5,33.5,3.7,0.0,0.0,1483.8,19.3,197.2,19.3,463.9,19.5,1498.6,9.6,634.7,34.0
0.26,0.26,0.5,1.0,0.25,0.75,37.6,5.7,0.0,0.0,1227.4,19.5,453.6,19.5,396.9,11.8,1252.9,22.7,752.1,21.3
0.26,0.26,0.5,1.0,0.25,1.0,34.5,11.6,0.0,0.0,176.8,91.0,1504.2,91.0,367.1,26.8,521.9,32.6,1504.9,91.0
0.26,0.26,0.5,1.0,0.5,0.0,35.9,4.5,0.0,0.0,1506.0,12.8,175.0,12.8,610.5,38.2,1519.8,5.2,330.5,18.6
0.26,0.26,0.5,1.0,0.5,0.25,36.5,5.1,0.0,0.0,1427.8,18.2,253.2,18.2,518.0,30.8,1449.4,8.4,550.8,19.5
0.26,0.26,0.5,1.0,0.5,0.5,34.0,7.5,0.0,0.0,1275.3,19.7,405.7,19.7,445.8,26.9,1301.3,8.8,689.5,29.3
0.26,0.26,0.5,1.0,0.5,0.75,40.7,8.5,0.0,0.0,760.3,62.3,920.7,62.3,386.3,29.3,825.5,36.5,947.0,58.5
0.26,0.26,0.5,1.0,0.5,1.0,22.2,5.2,0.0,0.0,95.4,36.9,1585.6,36.9,343.0,23.2,462.5,32.9,1585.7,37.0
0.26,0.26,0.5,1.0,0.75,0.0,34.8,6.0,0.0,0.0,1420.4,13.0,260.6,13.0,548.3,30.4,1439.5,11.9,443.3,14.5
0.26,0.26,0.5,1.0,0.75,0.25,32.7,4.7,0.0,0.0,1308.5,20.0,372.5,20.0,474.5,31.5,1325.8,11.7,612.4,19.3
0.26,0.26,0.5,1.0,0.75,0.5,40.3,8.9,0.0,0.0,1050.8,20.0,630.2,20.0,406.9,23.5,1092.3,15.3,756.2,29.6
0.26,0.26,0.5,1.0,0.75,0.75,35.4,12.8,0.0,0.0,333.8,62.1,1347.2,62.1,365.7,29.6,542.4,21.8,1353.0,61.6
0.26,0.26,0.5,1.0,0.75,1.0,20.5,4.2,0.0,0.0,54.8,28.4,1626.2,28.4,352.2,20.1,422.8,19.4,1626.7,28.7
0.26,0.26,0.5,1.0,1.0,0.0,36.4,5.8,0.0,0.0,1322.0,17.3,359.0,17.3,516.3,25.9,1347.5,10.1,521.0,24.1
0.26,0.26,0.5,1.0,1.0,0.25,42.9,8.5,0.0,0.0,1169.8,22.3,511.2,22.3,434.4,17.2,1195.6,12.3,691.9,23.2
0.26,0.26,0.5,1.0,1.0,0.5,39.1,5.5,0.0,0.0,786.7,36.1,894.3,36.1,378.2,27.1,850.6,36.2,917.9,23.2
0.26,0.26,0.5,1.0,1.0,0.75,32.8,8.7,0.0,0.0,141.8,66.1,1539.2,66.1,351.9,11.0,466.1,22.2,1539.3,66.1
0.26,0.26,0.5,1.0,1.0,1.0,17.1,3.0,0.0,0.0,38.6,20.8,1642.4,20.8,321.0,14.5,431.1,16.9,1642.6,21.1
0.26,0.26,0.75,0.0,0.0,0.0,7.6,0.8,0.0,0.0,1681.0,0.0,0.0,0.0,538.5,22.7,1681.0,0.0,42.2,10.1
0.26,0.26,0.75,0.0,0.0,0.25,8.3,1.6,0.0,0.0,1680.1,1.7,0.9,1.7,311.4,16.9,1680.1,1.7,555.1,19.2
0.26,0.26,0.75,0.0,0.0,0.5,7.3,0.7,0.0,0.0,1588.1,25.4,92.9,25.4,231.3,17.3,1588.1,25.4,769.5,22.4
0.26,0.26,0.75,0.0,0.0,0.75,6.9,1.4,0.0,0.0,1127.6,113.6,553.4,113.6,189.6,15.6,1127.6,113.6,890.7,33.0
0.26,0.26,0.75,0.0,0.0,1.0,5.9,0.7,0.0,0.0,591.7,45.1,1089.3,45.1,162.6,12.6,601.7,37.7,1100.0,41.7
0.26,0.26,0.75,0.0,0.25,0.0,7.9,1.3,0.0,0.0,1594.0,4.9,87.0,4.9,390.0,24.7,1600.2,5.2,318.0,13.9
0.26,0.26,0.75,0.0,0.25,0.25,7.6,1.3,0.0,0.0,1553.4,9.7,127.6,9.7,247.7,15.3,1556.4,13.2,692.3,27.1
0.26,0.26,0.75,0.0,0.25,0.5,7.5,1.4,0.0,0.0,1353.1,68.0,327.9,68.0,205.4,15.1,1353.7,69.0,842.5,27.4
0.26,0.26,0.75,0.0,0.25,0.75,6.8,1.2,0.0,0.0,870.9,80.2,810.1,80.2,172.9,12.4,870.9,80.2,964.7,34.3
0.26,0.26,0.75,0.0,0.25,1.0,5.4,0.7,0.0,0.0,431.5,51.0,1249.5,51.0,151.8,15.7,509.2,34.6,1249.5,51.0
0.26,0.26,0.75,0.0,0.5,0.0,7.7,1.6,0.0,0.0,1504.6,8.9,176.4,8.9,318.5,18.3,1510.6,8.5,508.9,26.7
0.26,0.26,0.75,0.0,0.5,0.25,7.2,0.9,0.0,0.0,1414.7,23.6,266.3,23.6,235.9,17.3,1416.5,23.8,762.8,22.4
0.26,0.26,0.75,0.0,0.5,0.5,7.6,2.1,0.0,0.0,1111.5,80.8,569.5,80.8,192.7,8.4,1111.5,80.8,897.2,27.2
0.26,0.26,0.75,0.0,0.5,0.75,6.3,0.9,0.0,0.0,620.2,49.9,1060.8,49.9,169.4,17.7,623.5,48.4,1090.8,38.9
0.26,0.26,0.75,0.0,0.5,1.0,5.5,0.8,0.0,0.0,349.3,39.2,1331.7,39.2,146.2,11.2,473.2,20.3,1331.7,39.2
0.26,0.26,0.75,0.0,0.75,0.0,8.2,1.1,0.0,0.0,1414.8,16.5,266.2,16.5,271.1,15.1,1421.4,12.2,634.0,21.4
0.26,0.26,0.75,0.0,0.75,0.25,7.8,1.3,0.0,0.0,1266.0,24.1,415.0,24.1,195.4,17.9,1270.3,24.5,857.2,25.6
0.26,0.26,0.75,0.0,0.75,0.5,6.8,0.6,0.0,0.0,869.6,37.6,811.4,37.6,171.0,16.7,869.6,37.6,985.4,37.1
0.26,0.26,0.75,0.0,0.75,0.75,6.2,1.3,0.0,0.0,491.6,23.7,1189.4,23.7,144.0,13.4,519.6,16.2,1197.9,16.5
0.26,0.26,0.75,0.0,0.75,1.0,5.1,0.7,0.0,0.0,278.3,36.5,1402.7,36.5,130.2,9.5,443.8,19.1,1402.7,36.5
0.26,0.26,0.75,0.0,1.0,0.0,7.5,1.3,0.0,0.0,1322.9,15.2,358.1,15.2,233.8,12.8,1325.1,15.1,733.2,13.3
0.26,0.26,0.75,0.0,1.0,0.25,6.3,0.7,0.0,0.0,1086.8,50.6,594.2,50.6,184.3,19.2,1089.4,52.8,911.2,26.1
0.26,0.26,0.75,0.0,1.0,0.5,6.3,0.9,0.0,0.0,688.1,39.9,992.9,39.9,159.2,10.3,689.0,41.3,1068.8,30.3
0.26,0.26,0.75,0.0,1.0,0.75,5.8,1.2,0.0,0.0,373.4,33.9,1307.6,33.9,140.8,9.8,471.7,11.5,1307.6,33.9
0.26,0.26,0.75,0.0,1.0,1.0,5.4,0.7,0.0,0.0,196.8,29.6,1484.2,29.6,121.4,11.9,425.5,23.6,1484.2,29.6
0.26,0.26,0.75,0.25,0.0,0.0,8.8,1.3,0.0,0.0,1681.0,0.0,0.0,0.0,561.3,27.1,1681.0,0.0,40.8,8.4
0.26,0.26,0.75,0.25,0.0,0.25,9.2,0.8,0.0,0.0,1681.0,0.0,0.0,0.0,362.7,21.2,1681.0,0.0,514.9,23.9
0.26,0.26,0.75,0.25,0.0,0.5,8.8,1.1,0.0,0.0,1636.5,31.1,44.5,31.1,290.7,10.4,1636.5,31.1,697.3,18.8
0.26,0.26,0.75,0.25,0.0,0.75,8.7,2.4,0.0,0.0,1244.3,97.9,436.7,97.9,239.0,15.3,1244.3,97.9,862.5,33.5
0.26,0.26,0.75,0.25,0.0,1.0,7.0,0.8,0.0,0.0,599.2,54.0,1081.8,54.0,205.1,15.5,614.8,49.8,1094.0,47.6
0.26,0.26,0.75,0.25,0.25,0.0,9.7,0.7,0.0,0.0,1595.1,9.1,85.9,9.1,449.9,24.0,1603.8,3.7,299.2,13.6
0.26,0.26,0.75,0.25,0.25,0.25,9.2,1.0,0.0,0.0,1557.9,7.1,123.1,7.1,346.1,13.5,1562.3,9.3,606.0,36.4
0.26,0.26,0.75,0.25,0.25,0.5,8.5,1.4,0.0,0.0,1391.1,38.4,289.9,38.4,257.5,25.8,1391.1,38.4,795.7,30.6
0.26,0.26,0.75,0.25,0.25,0.75,7.5,1.1,0.0,0.0,872.7,47.4,808.3,47.4,210.3,17.7,872.9,47.6,926.7,19.5
0.26,0.26,0.75,0.25,0.25,1.0,7.3,1.1,0.0,0.0,428.0,52.8,1253.0,52.8,207.2,13.5,524.0,30.7,1253.0,52.8
0.26,0.26,0.75,0.25,0.5,0.0,10.0,1.3,0.0,0.0,1504.0,11.3,177.0,11.3,401.7,30.3,1515.7,8.4,449.3,20.9
0.26,0.26,0.75,0.25,0.5,0.25,9.4,1.9,0.0,0.0,1425.5,10.2,255.5,10.2,282.5,16.7,1433.2,19.4,709.4,26.8
0.26,0.26,0.75,0.25,0.5,0.5,9.1,1.5,0.0,0.0,1168.5,56.8,512.5,56.8,229.0,19.2,1168.6,56.8,863.6,19.5
0.26,0.26,0.75,0.25,0.5,0.75,7.0,0.7,0.0,0.0,647.8,68.4,1033.2,68.4,209.4,9.9,661.0,61.8,1060.1,40.3
0.26,0.26,0.75,0.25,0.5,1.0,6.6,1.2,0.0,0.0,309.7,45.8,1371.3,45.8,182.0,14.1,478.8,15.9,1371.3,45.8
0.26,0.26,0.75,0.25,0.75,0.0,9.2,1.0,0.0,0.0,1426.1,12.2,254.9,12.2,331.5,21.1,1431.2,10.9,581.0,21.8
0.26,0.26,0.75,0.25,0.75,0.25,8.6,0.8,0.0,0.0,1278.6,11.8,402.4,11.8,260.6,23.2,1283.5,18.4,783.4,27.0
0.26,0.26,0.75,0.25,0.75,0.5,7.6,0.7,0.0,0.0,886.5,60.3,794.5,60.3,239.0,18.7,886.5,60.3,941.9,35.7
0.26,0.26,0.75,0.25,0.75,0.75,7.1,1.2,0.0,0.0,464.8,32.3,1216.2,32.3,187.0,20.5,511.0,33.6,1219.1,34.1
0.26,0.26,0.75,0.25,0.75,1.0,6.7,1.1,0.0,0.0,225.9,41.3,1455.1,41.3,170.1,9.6,460.7,24.6,1455.1,41.3
0.26,0.26,0.75,0.25,1.0,0.0,9.8,1.9,0.0,0.0,1324.9,24.1,356.1,24.1,294.1,19.9,1341.2,15.7,674.3,23.8
0.26,0.26,0.75,0.25,1.0,0.25,8.9,1.8,0.0,0.0,1123.3,45.1,557.7,45.1,243.9,18.4,1125.6,43.2,854.3,34.0
0.26,0.26,0.75,0.25,1.0,0.5,8.3,1.8,0.0,0.0,707.0,34.9,974.0,34.9,201.4,15.7,711.2,31.5,1036.2,19.3
0.26,0.26,0.75,0.25,1.0,0.75,6.6,1.0,0.0,0.0,372.3,49.6,1308.7,49.6,176.6,9.6,478.4,35.2,1308.7,49.6
0.26,0.26,0.75,0.25,1.0,1.0,6.3,0.9,0.0,0.0,178.0,31.0,1503.0,31.0,164.5,8.0,430.0,19.6,1503.0,31.0
0.26,0.26,0.75,0.5,0.0,0.0,11.2,0.9,0.0,0.0,1681.0,0.0,0.0,0.0,613.4,37.8,1681.0,0.0,41.2,6.1
0.26,0.26,0.75,0.5,0.0,0.25,11.9,1.7,0.0,0.0,1681.0,0.0,0.0,0.0,413.6,27.6,1681.0,0.0,475.2,21.6
0.26,0.26,0.75,0.5,0.0,0.5,11.7,1.9,0.0,0.0,1671.9,10.7,9.1,10.7,349.1,17.8,1671.9,10.7,672.4,25.2
0.26,0.26,0.75,0.5,0.0,0.75,11.1,1.4,0.0,0.0,1382.8,49.2,298.2,49.2,283.7,16.3,1382.8,49.2,819.7,28.4
0.26,0.26,0.75,0.5,0.0,1.0,8.4,1.2,0.0,0.0,646.5,37.3,1034.5,37.3,256.4,14.8,658.3,33.8,1044.3,38.1
0.26,0.26,0.75,0.5,0.25,0.0,11.2,1.8,0.0,0.0,1594.3,9.1,86.7,9.1,491.8,28.1,1600.1,4.9,266.9,16.8
0.26,0.26,0.75,0.5,0.25,0.25,11.2,1.5,0.0,0.0,1562.9,14.0,118.1,14.0,377.1,15.6,1567.0,12.1,573.3,36.2
0.26,0.26,0.75,0.5,0.25,0.5,11.5,3.0,0.0,0.0,1438.5,30.7,242.5,30.7,298.0,22.1,1443.1,37.2,762.0,29.1
0.26,0.26,0.75,0.5,0.25,0.75,9.7,1.6,0.0,0.0,958.4,92.4,722.6,92.4,274.0,21.3,958.4,92.4,903.6,37.8
0.26,0.26,0.75,0.5,0.25,1.0,8.8,0.8,0.0,0.0,406.4,41.3,1274.6,41.3,231.9,28.5,542.1,37.4,1274.6,41.3
0.26,0.26,0.75,0.5,0.5,0.0,11.5,1.3,0.0,0.0,1503.5,14.1,177.5,14.1,438.7,22.2,1517.0,6.9,416.0,21.7
0.26,0.26,0.75,0.5,0.5,0.25,10.8,1.0,0.0,0.0,1429.6,16.4,251.4,16.4,342.6,11.4,1443.2,17.0,663.3,25.5
0.26,0.26,0.75,0.5,0.5,0.5,10.7,1.5,0.0,0.0,1210.1,20.4,470.9,20.4,286.4,15.3,1212.9,22.1,807.6,25.7
0.26,0.26,0.75,0.5,0.5,0.75,8.8,0.9,0.0,0.0,668.2,41.8,1012.8,41.8,259.0,16.3,679.4,35.1,1036.4,38.6
0.26,0.26,0.75,0.5,0.5,1.0,8.1,1.5,0.0,0.0,297.5,53.7,1383.5,53.7,219.3,14.7,479.3,23.5,1383.5,53.7
0.26,0.26,0.75,0.5,0.75,0.0,11.4,1.8,0.0,0.0,1431.7,12.1,249.3,12.1,389.9,30.3,1436.0,11.2,536.4,26.1
0.26,0.26,0.75,0.5,0.75,0.25,10.8,2.4,0.0,0.0,1294.7,17.3,386.3,17.3,313.0,21.5,1303.6,14.5,736.3,27.8
0.26,0.26,0.75,0.5,0.75,0.5,10.0,1.3,0.0,0.0,957.5,38.3,723.5,38.3,259.9,15.7,958.2,38.4,898.9,39.2
0.26,0.26,0.75,0.5,0.75,0.75,8.9,1.9,0.0,0.0,459.1,56.0,1221.9,56.0,237.0,20.7,528.4,24.8,1225.1,55.0
0.26,0.26,0.75,0.5,0.75,1.0,7.4,1.3,0.0,0.0,210.1,37.4,1470.9,37.4,203.8,19.7,445.1,21.3,1470.9,37.4
0.26,0.26,0.75,0.5,1.0,0.0,11.5,1.5,0.0,0.0,1320.6,10.8,360.4,10.8,354.2,18.6,1334.3,8.4,622.9,19.9
0.26,0.26,0.75,0.5,1.0,0.25,10.2,1.4,0.0,0.0,1146.6,19.7,534.4,19.7,288.4,12.2,1150.2,19.1,802.4,27.8
0.26,0.26,0.75,0.5,1.0,0.5,8.6,1.0,0.0,0.0,726.9,50.2,954.1,50.2,249.7,23.1,729.3,49.4,990.5,33.6
0.26,0.26,0.75,0.5,1.0,0.75,7.8,1.1,0.0,0.0,342.8,38.4,1338.2,38.4,212.8,13.7,492.1,29.4,1338.2,38.4
0.26,0.26,0.75,0.5,1.0,1.0,6.8,1.0,0.0,0.0,165.5,40.5,1515.5,40.5,202.1,25.4,433.1,20.2,1515.5,40.5
0.26,0.26,0.75,0.75,0.0,0.0,13.5,2.6,0.0,0.0,1681.0,0.0,0.0,0.0,648.1,27.1,1681.0,0.0,44.1,9.1
0.26,0.26,0.75,0.75,0.0,0.25,12.9,1.4,0.0,0.0,1681.0,0.0,0.0,0.0,433.3,22.1,1681.0,0.0,455.3,20.9
0.26,0.26,0.75,0.75,0.0,0.5,13.4,1.2,0.0,0.0,1678.7,2.2,2.3,2.2,365.1,21.7,1678.7,2.2,644.9,19.1
0.26,0.26,0.75,0.75,0.0,0.75,12.3,1.2,0.0,0.0,1496.6,48.3,184.4,48.3,310.0,23.3,1496.6,48.3,769.5,19.3
0.26,0.26,0.75,0.75,0.0,1.0,11.9,2.2,0.0,0.0,677.4,52.8,1003.6,52.8,278.1,21.2,701.6,48.6,1012.8,49.8
0.26,0.26,0.75,0.75,0.25,0.0,13.6,2.5,0.0,0.0,1599.6,5.9,81.4,5.9,531.8,31.5,1604.2,4.6,247.2,17.2
0.26,0.26,0.75,0.75,0.25,0.25,12.5,1.6,0.0,0.0,1555.9,8.0,125.1,8.0,407.9,15.4,1561.2,8.5,555.0,23.3
0.26,0.26,0.75,0.75,0.25,0.5,13.9,2.7,0.0,0.0,1473.8,17.4,207.2,17.4,331.5,27.2,1480.6,17.0,715.8,25.3
0.26,0.26,0.75,0.75,0.25,0.75,13.8,3.5,0.0,0.0,1075.9,61.1,605.1,61.1,296.4,17.8,1080.9,63.0,845.1,20.3
0.26,0.26,0.75,0.75,0.25,1.0,10.9,1.3,0.0,0.0,372.4,70.6,1308.6,70.6,264.7,21.5,526.6,25.0,1309.5,71.5
0.26,0.26,0.75,0.75,0.5,0.0,12.9,1.7,0.0,0.0,1514.2,17.8,166.8,17.8,457.9,18.4,1521.0,11.0,411.8,25.0
0.26,0.26,0.75,0.75,0.5,0.25,13.1,1.1,0.0,0.0,1431.4,16.1,249.6,16.1,369.4,28.3,1447.5,11.1,629.9,20.8
0.26,0.26,0.75,0.75,0.5,0.5,12.8,2.3,0.0,0.0,1237.9,28.5,443.1,28.5,312.2,25.3,1243.9,26.5,773.1,17.3
0.26,0.26,0.75,0.75,0.5,0.75,10.7,2.2,0.0,0.0,692.0,41.0,989.0,41.0,269.6,21.0,701.5,37.6,1020.3,28.9
0.26,0.26,0.75,0.75,0.5,1.0,9.4,1.4,0.0,0.0,270.3,45.5,1410.7,45.5,252.3,11.6,480.6,19.8,1410.7,45.5
0.26,0.26,0.75,0.75,0.75,0.0,13.4,1.7,0.0,0.0,1419.9,13.3,261.1,13.3,418.2,20.2,1434.7,13.1,509.4,23.3
0.26,0.26,0.75,0.75,0.75,0.25,12.4,1.3,0.0,0.0,1298.1,18.2,382.9,18.2,339.4,18.2,1306.0,16.9,715.1,18.6
0.26,0.26,0.75,0.75,0.75,0.5,12.2,2.5,0.0,0.0,1011.2,47.0,669.8,47.0,291.8,18.7,1022.0,42.2,829.5,26.7
0.26,0.26,0.75,0.75,0.75,0.75,11.2,2.3,0.0,0.0,470.0,42.0,1211.0,42.0,264.4,20.9,558.0,21.8,1212.8,42.5
0.26,0.26,0.75,0.75,0.75,1.0,9.2,1.2,0.0,0.0,178.8,36.8,1502.2,36.8,242.0,21.7,462.7,24.2,1502.2,36.8
0.26,0.26,0.75,0.75,1.0,0.0,14.4,2.8,0.0,0.0,1327.9,17.7,353.1,17.7,386.3,31.3,1335.5,17.3,595.5,17.5
0.26,0.26,0.75,0.75,1.0,0.25,12.6,1.8,0.0,0.0,1155.3,26.3,525.7,26.3,328.7,31.5,1168.4,23.5,756.1,20.2
0.26,0.26,0.75,0.75,1.0,0.5,12.2,2.1,0.0,0.0,742.8,27.4,938.2,27.4,279.3,22.0,759.1,38.6,975.7,27.9
0.26,0.26,0.75,0.75,1.0,0.75,11.1,3.0,0.0,0.0,306.6,50.2,1374.4,50.2,252.8,21.0,480.8,34.0,1376.2,51.3
0.26,0.26,0.75,0.75,1.0,1.0,7.8,0.8,0.0,0.0,163.9,38.5,1517.1,38.5,219.5,22.1,435.4,18.8,1517.1,38.5
0.26,0.26,0.75,1.0,0.0,0.0,16.9,2.5,0.0,0.0,1681.0,0.0,0.0,0.0,665.2,25.1,1681.0,0.0,47.5,5.9
0.26,0.26,0.75,1.0,0.0,0.25,15.5,1.5,0.0,0.0,1681.0,0.0,0.0,0.0,479.4,43.5,1681.0,0.0,435.6,21.5
0.26,0.26,0.75,1.0,0.0,0.5,16.2,2.3,0.0,0.0,1680.1,1.4,0.9,1.4,400.1,29.3,1680.1,1.4,605.1,27.5
0.26,0.26,0.75,1.0,0.0,0.75,15.8,1.9,0.0,0.0,1591.6,43.7,89.4,43.7,341.0,18.9,1591.6,43.7,761.7,23.3
0.26,0.26,0.75,1.0,0.0,1.0,14.5,2.2,0.0,0.0,741.9,40.5,939.1,40.5,305.3,19.4,764.6,38.5,967.0,39.8
0.26,0.26,0.75,1.0,0.25,0.0,15.4,2.1,0.0,0.0,1597.0,8.3,84.0,8.3,572.8,29.6,1601.8,5.2,238.8,15.7
0.26,0.26,0.75,1.0,0.25,0.25,14.7,1.5,0.0,0.0,1558.7,7.1,122.3,7.1,439.7,24.1,1565.4,5.9,530.7,26.5
0.26,0.26,0.75,1.0,0.25,0.5,15.4,1.6,0.0,0.0,1479.2,18.8,201.8,18.8,374.2,26.0,1493.9,15.8,687.4,27.8
0.26,0.26,0.75,1.0,0.25,0.75,15.1,2.8,0.0,0.0,1105.8,64.5,575.2,64.5,334.2,38.4,1109.9,65.0,800.8,38.5
0.26,0.26,0.75,1.0,0.25,1.0,12.9,1.3,0.0,0.0,363.1,29.2,1317.9,29.2,302.7,26.0,552.9,28.4,1317.9,29.2
0.26,0.26,0.75,1.0,0.5,0.0,16.0,2.9,0.0,0.0,1506.1,14.9,174.9,14.9,502.3,24.2,1522.1,14.4,377.8,22.0
0.26,0.26,0.75,1.0,0.5,0.25,14.8,2.4,0.0,0.0,1438.7,14.5,242.3,14.5,404.9,27.8,1449.8,11.7,606.2,30.8
0.26,0.26,0.75,1.0,0.5,0.5,16.2,3.9,0.0,0.0,1279.1,26.7,401.9,26.7,363.9,21.8,1287.2,22.4,723.5,43.3
0.26,0.26,0.75,1.0,0.5,0.75,15.6,3.9,0.0,0.0,697.5,29.5,983.5,29.5,306.7,17.8,724.5,36.0,998.3,29.2
0.26,0.26,0.75,1.0,0.5,1.0,10.0,1.2,0.0,0.0,281.2,55.3,1399.8,55.3,271.8,10.3,508.0,29.5,1399.8,55.3
0.26,0.26,0.75,1.0,0.75,0.0,16.7,2.8,0.0,0.0,1412.9,17.0,268.1,17.0,449.7,17.7,1431.1,12.6,483.4,26.6
0.26,0.26,0.75,1.0,0.75,0.25,14.2,1.2,0.0,0.0,1296.7,22.8,384.3,22.8,388.6,24.8,1312.4,19.5,659.5,21.5
0.26,0.26,0.75,1.0,0.75,0.5,15.5,1.9,0.0,0.0,1045.2,30.2,635.8,30.2,327.1,26.9,1058.7,33.4,797.1,35.8
0.26,0.26,0.75,1.0,0.75,0.75,11.7,0.9,0.0,0.0,469.1,43.3,1211.9,43.3,284.1,17.2,571.0,28.2,1212.8,41.0
0.26,0.26,0.75,1.0,0.75,1.0,10.6,0.8,0.0,0.0,147.1,23.1,1533.9,23.1,270.7,24.5,450.5,26.6,1533.9,23.1
0.26,0.26,0.75,1.0,1.0,0.0,15.6,2.1,0.0,0.0,1329.4,19.0,351.6,19.0,404.3,21.2,1341.3,17.2,582.0,26.5
0.26,0.26,0.75,1.0,1.0,0.25,16.2,2.9,0.0,0.0,1164.9,17.0,516.1,17.0,366.4,14.6,1177.8,15.9,731.2,20.5
0.26,0.26,0.75,1.0,1.0,0.5,15.3,4.3,0.0,0.0,797.3,42.4,883.7,42.4,302.3,17.9,821.2,42.5,926.0,29.0
0.26,0.26,0.75,1.0,1.0,0.75,11.4,2.1,0.0,0.0,320.4,50.4,1360.6,50.4,275.4,19.3,496.2,25.9,1360.6,50.4
0.26,0.26,0.75,1.0,1.0,1.0,9.0,1.2,0.0,0.0,135.0,44.4,1546.0,44.4,261.6,16.5,430.2,9.6,1546.0,44.4
0.26,0.26,1.0,0.0,0.0,0.0,1.0,0.0,0.0,0.0,1315.2,31.9,365.8,31.9,0.0,0.0,1315.2,31.9,365.8,31.9
0.26,0.26,1.0,0.0,0.0,0.25,1.0,0.0,0.0,0.0,956.2,23.9,724.8,23.9,0.0,0.0,956.2,23.9,724.8,23.9
0.26,0.26,1.0,0.0,0.0,0.5,1.0,0.0,0.0,0.0,786.4,25.0,894.6,25.0,0.0,0.0,786.4,25.0,894.6,25.0
0.26,0.26,1.0,0.0,0.0,0.75,1.0,0.0,0.0,0.0,656.0,34.4,1025.0,34.4,0.0,0.0,656.0,34.4,1025.0,34.4
0.26,0.26,1.0,0.0,0.0,1.0,1.0,0.0,0.0,0.0,582.7,22.2,1098.3,22.2,0.0,0.0,582.7,22.2,1098.3,22.2
0.26,0.26,1.0,0.0,0.25,0.0,1.0,0.0,0.0,0.0,1135.1,28.8,545.9,28.8,0.0,0.0,1135.1,28.8,545.9,28.8
0.26,0.26,1.0,0.0,0.25,0.25,1.0,0.0,0.0,0.0,868.9,23.9,812.1,23.9,0.0,0.0,868.9,23.9,812.1,23.9
0.26,0.26,1.0,0.0,0.25,0.5,1.0,0.0,0.0,0.0,699.3,38.4,981.7,38.4,0.0,0.0,699.3,38.4,981.7,38.4
0.26,0.26,1.0,0.0,0.25,0.75,1.0,0.0,0.0,0.0,632.6,26.2,1048.4,26.2,0.0,0.0,632.6,26.2,1048.4,26.2
0.26,0.26,1.0,0.0,0.25,1.0,1.0,0.0,0.0,0.0,541.3,25.6,1139.7,25.6,0.0,0.0,541.3,25.6,1139.7,25.6
0.26,0.26,1.0,0.0,0.5,0.0,1.0,0.0,0.0,0.0,952.9,24.7,728.1,24.7,0.0,0.0,952.9,24.7,728.1,24.7
0.26,0.26,1.0,0.0,0.5,0.25,1.0,0.0,0.0,0.0,779.2,29.1,901.8,29.1,0.0,0.0,779.2,29.1,901.8,29.1
0.26,0.26,1.0,0.0,0.5,0.5,1.0,0.0,0.0,0.0,660.9,30.8,1020.1,30.8,0.0,0.0,660.9,30.8,1020.1,30.8
0.26,0.26,1.0,0.0,0.5,0.75,1.0,0.0,0.0,0.0,587.6,19.6,1093.4,19.6,0.0,0.0,587.6,19.6,1093.4,19.6
0.26,0.26,1.0,0.0,0.5,1.0,1.0,0.0,0.0,0.0,522.4,22.2,1158.6,22.2,0.0,0.0,522.4,22.2,1158.6,22.2
0.26,0.26,1.0,0.0,0.75,0.0,1.0,0.0,0.0,0.0,871.7,40.3,809.3,40.3,0.0,0.0,871.7,40.3,809.3,40.3
0.26,0.26,1.0,0.0,0.75,0.25,1.0,0.0,0.0,0.0,711.1,25.9,969.9,25.9,0.0,0.0,711.1,25.9,969.9,25.9
0.26,0.26,1.0,0.0,0.75,0.5,1.0,0.0,0.0,0.0,602.6,22.9,1078.4,22.9,0.0,0.0,602.6,22.9,1078.4,22.9
0.26,0.26,1.0,0.0,0.75,0.75,1.0,0.0,0.0,0.0,522.0,27.6,1159.0,27.6,0.0,0.0,522.0,27.6,1159.0,27.6
0.26,0.26,1.0,0.0,0.75,1.0,1.0,0.0,0.0,0.0,491.0,18.8,1190.0,18.8,0.0,0.0,491.0,18.8,1190.0,18.8
0.26,0.26,1.0,0.0,1.0,0.0,1.0,0.0,0.0,0.0,769.0,39.8,912.0,39.8,0.0,0.0,769.0,39.8,912.0,39.8
0.26,0.26,1.0,0.0,1.0,0.25,1.0,0.0,0.0,0.0,647.5,26.1,1033.5,26.1,0.0,0.0,647.5,26.1,1033.5,26.1
0.26,0.26,1.0,0.0,1.0,0.5,1.0,0.0,0.0,0.0,560.5,24.2,1120.5,24.2,0.0,0.0,560.5,24.2,1120.5,24.2
0.26,0.26,1.0,0.0,1.0,0.75,1.0,0.0,0.0,0.0,502.9,26.2,1178.1,26.2,0.0,0.0,502.9,26.2,1178.1,26.2
0.26,0.26,1.0,0.0,1.0,1.0,1.0,0.0,0.0,0.0,468.3,28.0,1212.7,28.0,0.0,0.0,468.3,28.0,1212.7,28.0
0.26,0.26,1.0,0.25,0.0,0.0,5.1,0.6,0.0,0.0,1681.0,0.0,0.0,0.0,427.6,31.4,1681.0,0.0,44.3,11.5
0.26,0.26,1.0,0.25,0.0,0.25,4.0,0.5,0.0,0.0,1618.3,32.2,62.7,32.2,148.5,10.4,1618.3,32.2,636.0,28.7
0.26,0.26,1.0,0.25,0.0,0.5,4.1,0.7,0.0,0.0,1357.7,82.9,323.3,82.9,106.5,6.0,1357.7,82.9,805.4,28.3
0.26,0.26,1.0,0.25,0.0,0.75,3.4,0.5,0.0,0.0,883.0,59.0,798.0,59.0,91.3,9.3,883.0,59.0,941.5,27.4
0.26,0.26,1.0,0.25,0.0,1.0,3.4,0.5,0.0,0.0,616.9,30.7,1064.1,30.7,79.0,11.0,622.5,31.1,1071.9,30.6
0.26,0.26,1.0,0.25,0.25,0.0,4.8,0.6,0.0,0.0,1597.5,3.4,83.5,3.4,220.1,12.9,1599.3,3.6,412.0,20.5
0.26,0.26,1.0,0.25,0.25,0.25,4.1,0.7,0.0,0.0,1456.8,60.6,224.2,60.6,129.2,11.7,1456.8,60.6,735.3,26.5
0.26,0.26,1.0,0.25,0.25,0.5,4.1,0.3,0.0,0.0,1141.2,48.8,539.8,48.8,91.3,12.6,1141.2,48.8,888.5,32.4
0.26,0.26,1.0,0.25,0.25,0.75,3.8,0.4,0.0,0.0,751.3,34.0,929.7,34.0,77.6,11.0,751.3,34.0,1010.3,28.6
0.26,0.26,1.0,0.25,0.25,1.0,3.3,0.5,0.0,0.0,497.8,30.6,1183.2,30.6,73.7,8.3,549.9,35.3,1183.2,30.6
0.26,0.26,1.0,0.25,0.5,0.0,4.5,0.5,0.0,0.0,1502.8,15.0,178.2,15.0,163.6,17.0,1506.2,12.9,587.8,17.2
0.26,0.26,1.0,0.25,0.5,0.25,3.9,0.7,0.0,0.0,1282.2,61.7,398.8,61.7,107.8,9.0,1282.2,61.7,807.5,29.6
0.26,0.26,1.0,0.25,0.5,0.5,3.8,0.4,0.0,0.0,936.5,59.4,744.5,59.4,84.5,9.0,936.5,59.4,950.1,36.1
0.26,0.26,1.0,0.25,0.5,0.75,3.3,0.5,0.0,0.0,600.7,44.9,1080.3,44.9,77.4,8.3,608.0,40.4,1088.5,40.8
0.26,0.26,1.0,0.25,0.5,1.0,3.2,0.4,0.0,0.0,436.0,37.1,1245.0,37.1,60.6,7.8,519.4,26.5,1245.0,37.1
0.26,0.26,1.0,0.25,0.75,0.0,4.2,0.4,0.0,0.0,1405.3,18.0,275.7,18.0,132.3,14.1,1408.2,18.9,706.1,25.9
0.26,0.26,1.0,0.25,0.75,0.25,3.7,0.5,0.0,0.0,1115.7,37.8,565.3,37.8,94.7,13.8,1115.7,37.8,889.9,31.9
0.26,0.26,1.0,0.25,0.75,0.5,3.4,0.5,0.0,0.0,761.7,49.3,919.3,49.3,83.4,8.3,761.7,49.3,1006.3,21.7
0.26,0.26,1.0,0.25,0.75,0.75,3.1,0.3,0.0,0.0,511.4,29.5,1169.6,29.5,68.6,9.0,531.0,32.3,1170.1,29.6
0.26,0.26,1.0,0.25,0.75,1.0,3.4,0.5,0.0,0.0,358.4,27.8,1322.6,27.8,66.0,8.9,478.2,26.8,1322.6,27.8
0.26,0.26,1.0,0.25,1.0,0.0,4.2,0.4,0.0,0.0,1286.5,20.2,394.5,20.2,114.4,11.0,1286.9,20.6,796.4,29.9
0.26,0.26,1.0,0.25,1.0,0.25,3.9,0.7,0.0,0.0,971.4,45.8,709.6,45.8,84.2,12.4,971.4,45.8,956.2,28.1
0.26,0.26,1.0,0.25,1.0,0.5,3.4,0.5,0.0,0.0,655.4,42.8,1025.6,42.8,72.1,11.8,655.4,42.8,1060.0,28.3
0.26,0.26,1.0,0.25,1.0,0.75,3.4,0.5,0.0,0.0,453.7,31.3,1227.3,31.3,59.1,14.1,506.0,16.5,1227.3,31.3
0.26,0.26,1.0,0.25,1.0,1.0,3.1,0.3,0.0,0.0,326.7,21.3,1354.3,21.3,51.8,5.3,464.8,18.4,1354.3,21.3
0.26,0.26,1.0,0.5,0.0,0.0,6.8,1.2,0.0,0.0,1681.0,0.0,0.0,0.0,484.9,35.7,1681.0,0.0,42.9,7.2
0.26,0.26,1.0,0.5,0.0,0.25,6.2,0.8,0.0,0.0,1675.1,7.0,5.9,7.0,236.5,14.6,1675.1,7.0,559.2,28.9
0.26,0.26,1.0,0.5,0.0,0.5,5.9,1.0,0.0,0.0,1527.3,64.5,153.7,64.5,183.7,23.0,1527.3,64.5,764.4,20.4
0.26,0.26,1.0,0.5,0.0,0.75,4.7,0.7,0.0,0.0,1009.5,67.3,671.5,67.3,151.1,11.2,1009.5,67.3,898.4,24.2
0.26,0.26,1.0,0.5,0.0,1.0,4.3,0.9,0.0,0.0,625.5,48.9,1055.5,48.9,143.5,14.6,632.0,45.5,1062.6,44.0
0.26,0.26,1.0,0.5,0.25,0.0,5.7,0.8,0.0,0.0,1591.1,10.7,89.9,10.7,327.1,22.0,1598.2,6.4,354.4,31.1
0.26,0.26,1.0,0.5,0.25,0.25,5.3,0.7,0.0,0.0,1522.3,29.1,158.7,29.1,216.6,14.2,1522.3,29.1,674.3,38.0
0.26,0.26,1.0,0.5,0.25,0.5,4.8,1.0,0.0,0.0,1203.3,93.1,477.7,93.1,169.6,20.0,1203.3,93.1,834.9,17.5
0.26,0.26,1.0,0.5,0.25,0.75,4.6,0.7,0.0,0.0,794.5,43.6,886.5,43.6,136.0,8.4,794.5,43.6,966.1,17.4
0.26,0.26,1.0,0.5,0.25,1.0,4.3,0.8,0.0,0.0,483.4,34.9,1197.6,34.9,121.4,13.2,537.2,30.0,1198.6,36.6
0.26,0.26,1.0,0.5,0.5,0.0,6.5,1.5,0.0,0.0,1499.3,20.9,181.7,20.9,253.9,25.4,1506.9,14.0,515.7,21.3
0.26,0.26,1.0,0.5,0.5,0.25,5.5,0.7,0.0,0.0,1380.5,25.2,300.5,25.2,190.6,15.7,1380.5,25.2,738.2,36.8
0.26,0.26,1.0,0.5,0.5,0.5,5.0,0.5,0.0,0.0,1030.2,42.2,650.8,42.2,149.8,16.6,1030.2,42.2,895.3,30.3
0.26,0.26,1.0,0.5,0.5,0.75,4.4,0.7,0.0,0.0,650.8,23.4,1030.2,23.4,120.1,17.3,651.5,23.1,1046.7,27.1
0.26,0.26,1.0,0.5,0.5,1.0,4.0,0.0,0.0,0.0,395.0,25.6,1286.0,25.6,118.1,16.8,502.5,23.9,1286.0,25.6
0.26,0.26,1.0,0.5,0.75,0.0,5.3,0.5,0.0,0.0,1416.8,15.3,264.2,15.3,223.9,16.6,1417.7,14.9,640.7,18.5
0.26,0.26,1.0,0.5,0.75,0.25,4.9,1.2,0.0,0.0,1182.6,47.9,498.4,47.9,157.3,7.4,1183.1,48.9,849.7,20.3
0.26,0.26,1.0,0.5,0.75,0.5,4.8,0.6,0.0,0.0,841.8,41.1,839.2,41.1,135.0,13.8,841.8,41.1,957.9,27.0
0.26,0.26,1.0,0.5,0.75,0.75,4.7,0.7,0.0,0.0,534.8,27.1,1146.2,27.1,129.4,12.8,567.2,28.6,1147.1,27.6
0.26,0.26,1.0,0.5,0.75,1.0,4.2,0.8,0.0,0.0,318.0,40.4,1363.0,40.4,111.7,10.0,478.0,25.5,1363.0,40.4
0.26,0.26,1.0,0.5,1.0,0.0,5.5,0.7,0.0,0.0,1316.8,15.3,364.2,15.3,200.8,16.1,1318.0,16.6,743.9,25.3
0.26,0.26,1.0,0.5,1.0,0.25,5.1,1.0,0.0,0.0,1046.7,51.7,634.3,51.7,147.2,13.6,1046.7,51.7,888.9,38.3
0.26,0.26,1.0,0.5,1.0,0.5,4.4,0.7,0.0,0.0,676.0,51.3,1005.0,51.3,119.2,13.1,676.5,52.1,1043.3,47.1
0.26,0.26,1.0,0.5,1.0,0.75,4.2,0.6,0.0,0.0,424.9,31.8,1256.1,31.8,113.8,11.6,501.3,12.8,1256.1,31.8
0.26,0.26,1.0,0.5,1.0,1.0,4.1,0.7,0.0,0.0,277.6,45.3,1403.4,45.3,109.9,11.4,448.6,25.1,1403.4,45.3
0.26,0.26,1.0,0.75,0.0,0.0,8.2,0.9,0.0,0.0,1681.0,0.0,0.0,0.0,533.1,25.6,1681.0,0.0,41.3,7.2
0.26,0.26,1.0,0.75,0.0,0.25,7.1,1.3,0.0,0.0,1679.1,2.3,1.9,2.3,304.8,34.2,1679.1,2.3,520.3,32.2
0.26,0.26,1.0,0.75,0.0,0.5,6.8,1.2,0.0,0.0,1583.3,45.6,97.7,45.6,238.8,22.6,1583.3,45.6,715.9,27.5
0.26,0.26,1.0,0.75,0.0,0.75,6.5,1.4,0.0,0.0,1159.8,78.7,521.2,78.7,206.2,20.2,1159.8,78.7,846.5,21.9
0.26,0.26,1.0,0.75,0.0,1.0,5.5,1.0,0.0,0.0,643.5,38.5,1037.5,38.5,187.6,14.3,653.6,33.4,1041.7,36.0
0.26,0.26,1.0,0.75,0.25,0.0,7.2,0.9,0.0,0.0,1595.8,10.9,85.2,10.9,396.5,25.6,1599.5,9.9,307.2,19.2
0.26,0.26,1.0,0.75,0.25,0.25,7.6,1.1,0.0,0.0,1550.5,11.2,130.5,11.2,266.7,27.0,1557.0,14.1,613.1,34.8
0.26,0.26,1.0,0.75,0.25,0.5,6.7,1.3,0.0,0.0,1345.1,45.7,335.9,45.7,222.1,20.0,1345.1,45.7,772.6,21.0
0.26,0.26,1.0,0.75,0.25,0.75,6.6,1.3,0.0,0.0,843.8,48.8,837.2,48.8,197.2,10.6,843.8,48.8,942.2,25.3
0.26,0.26,1.0,0.75,0.25,1.0,5.4,0.5,0.0,0.0,485.2,27.2,1195.8,27.2,173.1,15.8,554.7,27.2,1195.8,27.2
0.26,0.26,1.0,0.75,0.5,0.0,7.2,0.9,0.0,0.0,1509.9,13.1,171.1,13.1,318.8,14.3,1519.8,8.8,478.6,25.0
0.26,0.26,1.0,0.75,0.5,0.25,6.9,0.9,0.0,0.0,1422.2,16.3,258.8,16.3,238.8,21.7,1423.4,15.6,708.6,31.6
0.26,0.26,1.0,0.75,0.5,0.5,6.2,0.8,0.0,0.0,1111.1,57.7,569.9,57.7,208.5,16.0,1111.1,57.7,838.7,30.9
0.26,0.26,1.0,0.75,0.5,0.75,5.7,0.8,0.0,0.0,667.5,49.0,1013.5,49.0,177.8,15.7,675.9,42.2,1031.8,35.8
0.26,0.26,1.0,0.75,0.5,1.0,5.3,0.7,0.0,0.0,376.3,29.4,1304.7,29.4,159.0,14.7,516.9,34.2,1304.7,29.4
0.26,0.26,1.0,0.75,0.75,0.0,7.0,0.7,0.0,0.0,1417.7,17.0,263.3,17.0,285.1,11.4,1430.5,10.3,585.4,25.6
0.26,0.26,1.0,0.75,0.75,0.25,6.2,0.4,0.0,0.0,1254.3,35.4,426.7,35.4,222.8,15.9,1254.3,35.4,785.4,27.3
0.26,0.26,1.0,0.75,0.75,0.5,6.1,0.9,0.0,0.0,888.3,30.7,792.7,30.7,183.9,16.2,888.7,31.1,919.8,19.8
0.26,0.26,1.0,0.75,0.75,0.75,5.5,1.2,0.0,0.0,506.7,40.4,1174.3,40.4,171.3,13.3,558.7,33.6,1174.3,40.4
0.26,0.26,1.0,0.75,0.75,1.0,5.4,0.7,0.0,0.0,284.6,38.1,1396.4,38.1,150.9,20.1,480.1,16.3,1396.4,38.1
0.26,0.26,1.0,0.75,1.0,0.0,6.7,0.8,0.0,0.0,1315.4,17.9,365.6,17.9,252.4,29.6,1322.1,16.7,693.5,24.3
0.26,0.26,1.0,0.75,1.0,0.25,7.3,1.2,0.0,0.0,1122.6,41.8,558.4,41.8,211.8,20.9,1124.3,41.1,850.8,23.8
0.26,0.26,1.0,0.75,1.0,0.5,5.4,0.8,0.0,0.0,715.7,27.9,965.3,27.9,167.5,15.3,717.0,26.3,1008.9,30.3
0.26,0.26,1.0,0.75,1.0,0.75,5.3,0.9,0.0,0.0,411.6,36.8,1269.4,36.8,158.3,18.6,504.3,19.7,1269.7,36.5
0.26,0.26,1.0,0.75,1.0,1.0,4.6,0.5,0.0,0.0,273.2,26.2,1407.8,26.2,143.4,11.8,461.7,27.8,1407.8,26.2
0.26,0.26,1.0,1.0,0.0,0.0,9.6,1.3,0.0,0.0,1681.0,0.0,0.0,0.0,561.5,24.1,1681.0,0.0,41.3,9.4
0.26,0.26,1.0,1.0,0.0,0.25,9.4,1.3,0.0,0.0,1681.0,0.0,0.0,0.0,368.8,13.4,1681.0,0.0,486.5,22.0
0.26,0.26,1.0,1.0,0.0,0.5,8.7,1.1,0.0,0.0,1652.3,21.3,28.7,21.3,284.5,26.0,1652.3,21.3,669.8,29.2
0.26,0.26,1.0,1.0,0.0,0.75,7.7,1.3,0.0,0.0,1297.3,73.9,383.7,73.9,232.6,19.3,1297.3,73.9,793.2,24.7
0.26,0.26,1.0,1.0,0.0,1.0,6.7,0.5,0.0,0.0,695.6,28.3,985.4,28.3,207.9,23.5,710.2,31.0,992.4,27.5
0.26,0.26,1.0,1.0,0.25,0.0,9.2,1.0,0.0,0.0,1599.3,4.2,81.7,4.2,464.3,36.7,1602.4,5.2,266.4,19.8
0.26,0.26,1.0,1.0,0.25,0.25,8.7,1.1,0.0,0.0,1560.0,12.7,121.0,12.7,328.7,23.1,1561.9,10.9,577.1,22.3
0.26,0.26,1.0,1.0,0.25,0.5,8.4,1.5,0.0,0.0,1407.9,46.1,273.1,46.1,267.7,27.4,1408.5,46.3,755.1,22.3
0.26,0.26,1.0,1.0,0.25,0.75,7.9,1.6,0.0,0.0,970.7,53.6,710.3,53.6,228.1,24.2,971.4,52.5,871.3,21.5
0.26,0.26,1.0,1.0,0.25,1.0,6.4,1.1,0.0,0.0,483.3,65.2,1197.7,65.2,192.5,17.5,571.8,30.9,1197.7,65.2
0.26,0.26,1.0,1.0,0.5,0.0,9.0,1.4,0.0,0.0,1507.7,12.2,173.3,12.2,383.3,30.2,1518.7,6.6,442.5,21.4
0.26,0.26,1.0,1.0,0.5,0.25,8.3,1.2,0.0,0.0,1429.4,17.7,251.6,17.7,295.8,20.3,1431.4,17.7,661.5,25.0
0.26,0.26,1.0,1.0,0.5,0.5,7.4,1.3,0.0,0.0,1150.3,47.2,530.7,47.2,246.9,18.8,1150.3,47.2,802.1,26.0
0.26,0.26,1.0,1.0,0.5,0.75,7.5,1.4,0.0,0.0,695.6,44.6,985.4,44.6,219.7,23.1,708.7,43.4,1003.2,42.7
0.26,0.26,1.0,1.0,0.5,1.0,6.2,1.0,0.0,0.0,371.1,43.5,1309.9,43.5,193.3,16.4,511.9,16.8,1309.9,43.5
0.26,0.26,1.0,1.0,0.75,0.0,8.5,1.4,0.0,0.0,1419.0,9.2,262.0,9.2,341.2,28.7,1423.2,9.2,542.5,28.8
0.26,0.26,1.0,1.0,0.75,0.25,7.5,1.1,0.0,0.0,1280.5,25.4,400.5,25.4,267.9,20.9,1283.1,24.1,741.6,13.2
0.26,0.26,1.0,1.0,0.75,0.5,8.0,1.8,0.0,0.0,950.3,50.5,730.7,50.5,217.8,20.5,950.6,50.2,890.3,30.8
0.26,0.26,1.0,1.0,0.75,0.75,6.7,0.8,0.0,0.0,525.0,36.0,1156.0,36.0,206.4,29.7,580.5,31.8,1157.3,34.4
0.26,0.26,1.0,1.0,0.75,1.0,6.1,0.9,0.0,0.0,278.8,48.5,1402.2,48.5,188.5,14.6,491.7,24.7,1402.2,48.5
0.26,0.26,1.0,1.0,1.0,0.0,8.9,1.0,0.0,0.0,1319.5,16.5,361.5,16.5,317.2,24.2,1336.4,16.6,660.7,20.2
0.26,0.26,1.0,1.0,1.0,0.25,8.1,1.1,0.0,0.0,1141.5,26.1,539.5,26.1,236.2,15.5,1142.6,25.5,813.4,29.3
0.26,0.26,1.0,1.0,1.0,0.5,7.0,0.9,0.0,0.0,748.8,23.3,932.2,23.3,216.0,23.4,749.2,22.9,981.2,29.4
0.26,0.26,1.0,1.0,1.0,0.75,5.9,0.7,0.0,0.0,429.6,37.7,1251.4,37.7,188.1,20.0,531.7,33.1,1251.4,37.7
0.26,0.26,1.0,1.0,1.0,1.0,5.4,0.7,0.0,0.0,230.1,31.7,1450.9,31.7,178.0,12.1,455.8,26.9,1450.9,31.7
